title,brand,price,priceOnRequest,url,img,description,source,sold
Heuer Carrera 18K Gold Ref. 1158CH,Heuer,0,True,https://www.classicheuer.de/chronographs/heuer-carrera-18k-gold-ref-1158ch-2/,https://www.classicheuer.de/wp-content/uploads/Carrera-Ref.-1158CH_1.jpg,"Einzigartiges Sammlerstück von 1972 : Die limitierte Stückzahl von 150 Carrera Chronographen wurde im Rahmen der Zusammenarbeit mit dem Formel Eins Rennteam von Ferrari auf den Markt gebracht. Ferrari Fahrer wie Nicki Lauda, Derek Bell, Jody Scheckter und Arturo Merzario sowie deren Teamchefs und Renningenieure haben diese 18K Gold Carrera Mitte der 1970iger Jahren von Heuer erhalten und getragen. Die Uhr ist aus 1. Hand und in einem sehr guten, authentischen Zustand. Mit Automatikwerk Cal. Heue",ClassicHeuer,True
Vintage Heuer Skipper “Skipperera” Ref. 7754 Yachtchronograph,Heuer,0,True,https://www.classicheuer.de/chronographs/vintage-heuer-skipper-skipperera-ref-7764-yachtchronograph/,https://www.classicheuer.de/wp-content/uploads/Skipper-Ref.7734_1.jpg,"EINZIGARTIGES Sammlerstück. Absolut seltener Heuer Skipper Skipperera Yachtchronograph. Der Chronograph mit Handaufzug Kaliber Valjoux 7730 ist in einem sehr guten Zustand. Das Modell Skipper Ref. 7754 (graviert 7753 Carrera Gehäuse das einzige Skipper-Modell, das in einem originalen 36-mm-Carrera-Gehäuse gefertigt wurde) stammt aus dem Jahr 1968 und wurde speziell für den Sieg der Yacht Intrepid beim Americas Cup im Jahr 1967 entworfen. Der Segelchronograph hat ein Register zur Zeitnahme des St",ClassicHeuer,True
Heuer Autavia Orange Boy Ref. 11630T Vintage,Heuer,0,True,https://www.classicheuer.de/chronographs/heuer-autavia-orange-boy-ref-11630t-vintage/,https://www.classicheuer.de/wp-content/uploads/Autavia-Ref.11630_2.jpg,"Bei dieser seltenen Autavia Orange Boy mit Cal. Heuer 12 handelt es sich um eine besonders schöne Ausführung mit gut erhaltener Lunette mit Tachymeter Skala. Die Autavia Ref. 11630T weist nur ganz leichte Tragespuren auf, ist aber in einem authentischen sehr guten Zustand . Der Chonograph von 1973 mit Automatikwerk hat ein silberfarbenes Blatt, 2 schwarze Register, Datumsanzeige auf 6 Uhr und orangefarbene Indexe und Zeiger. Eine wunderbar kontrastreiche Optik . Mit schwarzem Lederarmband und He",ClassicHeuer,True
Vintage Heuer Mastertime Tritium 8-days Rallyetimer,Heuer,0,True,https://www.classicheuer.de/chronographs/vintage-heuer-mastertime-tritium-8-days-rallyetimer-2/,https://www.classicheuer.de/wp-content/uploads/Mastertime-8-Tage_1.jpg,"Sehr gut erhaltene Vintage Heuer Mastertime mit 3/6/9/12 Ziffern und Tritiumzifferblatt von 1965. Hervorragender Originalzustand, technisch einwandfrei. Werk Arogno 28H. 8 Tage Präzisionsuhr mit Zentrumssekunde, Ankerwerk, 15 Steine. Drehbarer Glasring mit Markierungsdreieck. Zeigt entweder die genaue Tageszeit oder die gesamte Fahr- oder Flugzeit. Perfekter Rallyetimer aus Mitte der 1960iger Jahre für jede Rallyeprüfung. Montiert auf originaler Heuerplatte Ed Heuer signiert.",ClassicHeuer,True
Heuer Camaro 12 Ref. 7220N Tropic 1968,Heuer,0,True,https://www.classicheuer.de/chronographs/heuer-camaro-12-ref-7220n-tritium-1969-2/,https://www.classicheuer.de/wp-content/uploads/Camaro-Tropic-Ref.-7220N_1.jpg,"Sehr geschätztes Sammlerstück. Heuer Camaro 12 von 1968 . Der Chronograph mit dem hochwertigen Kaliber Valjoux 72 ist in einem guten Zustand, leichtes Tropic Dial. Unpolierter Originalzustand des Gehäuses. Originales Tritium auf Zifferblatt und Zeigern. Die Uhr mit Handaufzug und Ref. 7220N hat ein schwarzes Zifferblatt mit drei Registern (1/5 Sekunden-Messer, 0-12 Stundenzähler). Lederband mit Heuerschließe.",ClassicHeuer,True
Heuer Silverstone Vintage Ref. 510.403,Heuer,0,True,https://www.classicheuer.de/chronographs/heuer-silverstone-vintage-ref-510-403/,https://www.classicheuer.de/wp-content/uploads/Silverstone-Ref.-510.403_1.jpg,"Eine Rarität !! Die schöne Heuer Silverstone Ref. 510.403 mit Kaliber Lemania 5100 ist benannt nach der Rennstrecke in England . Der Automatik Chronograph von 1983 ist in einem NOS (New-Old-Stock) Zustand . Das Modell mit einer überarbeiteten Gehäuseform ist die letzte Variante der expressiven Silverstone Modelle. Schwarzes Zifferblatt, 2 Registern und Datums- und Wochentagsanzeige, sowie einem Zentralchronominuten- und sekundenzeiger in rot. Diese sehr seltene Variante der Heuer Silverstone ist",ClassicHeuer,True
Heuer Carrera Vintage Ref. 73453S,Heuer,0,True,https://www.classicheuer.de/chronographs/heuer-carrera-vintage-ref-73453s/,https://www.classicheuer.de/wp-content/uploads/Carrera-Ref.-73453S_1.jpg,"Eines der letzten Handaufzugmodelle im neuen Design. Bei diesem Modell der Heuer Carrera handelt es sich um eine Version von 1971, es ist eine besonders schöne Ausführung in einem nahezu perfektem Zustand mit kontrastreicher Optik . Der Heuer Carrera Chronograph Ref. 73453S mit dem Handaufzug Valjoux 7734 hat ein silber farbendes Zifferblatt mit zwei schwarzen Registern Registern und einer Datumsanzeige auf 6 Uhr. Der Zentralschronozeiger ist in rot, der Tachymeteraufdruck in weiß auf schwarz. D",ClassicHeuer,True
Vintage Heuer Monaco “Steve McQueen” Transitional Ref. 1133B Chronograph,Heuer,0,True,https://www.classicheuer.de/chronographs/vintage-heuer-monaco-steve-mcqueen-transitional-ref-1133b-chronograph/,https://www.classicheuer.de/wp-content/uploads/Monaco-Transitional-1133B_3.jpg,Das TRANSITIONAL Modell Monaco „Steve McQueen“ . Der Chronograph mit der Ref.1133B und dem Automatikwerk Heuer/Buren 11 ist von 1969. Die Uhr ist in einem getragenen Zustand. Dieses seltene Modell mit dem dunkelblauen Zifferblatt und Datumsanzeige ist authentisch und unpoliert. Einige leichte Tragespuren am Gehäuse sind sichtbar. Mit schwarzem Lederband und Heuer Schließe. Die Heuer Monaco wurde vom Schauspieler und Rennfahrer „Stev McQueen“ bei den Dreharbeiten zum Film „Le Mans“ getragen und e,ClassicHeuer,False
Heuer Camaro “Orange Tropic Tachy” Ref. 73343NT,Heuer,0,True,https://www.classicheuer.de/chronographs/heuer-camaro-orange-tropic-tachy-ref-73643nt/,https://www.classicheuer.de/wp-content/uploads/Camaro-Ref.73343NT_1.jpg,56 Jahre ! Außergewöhnlicher Heuer Camaro Chronograph Ref.73343NT von 1969. Der Handaufzug Chronograph mit dem bekannten Cal. Valj. 7733 hat ein schwarzes Zifferblatt mit zwei gleichfarbigen Registern. Kontrastreich mit orange farbenen Indexen und Zeigern. Die Uhr ist in einem sehr guten Zustand. Besonderheit: Tachymeterskala auf Zifferblatt. Mit schwarzem Lederband und Heuerschließe.,ClassicHeuer,True
Heuer Monza Ref. 110.501 Vintage NOS,Heuer,0,True,https://www.classicheuer.de/chronographs/heuer-monza-ref-110-501-vintage-nos/,https://www.classicheuer.de/wp-content/uploads/Monza-Ref.110.501_1_1.jpg,Heuer Chronograph Monza No Name Sehr seltenes Sammlerstück. Die Monza wurde zur Formel1 Weltmeisterschaft von Niki Lauda auf Ferrari 1975 auf den Markt gebracht. Der Chronograph mit der Ref. 110.501 von 1978 mit dem Automatik-Kaliber Heuer / Buren 12 ist in einem NOS (new-old-stock) Zustand. Mit rotem originalem Verkaufssticker auf dem Rückdeckel. Das schwarze Zifferblatt mit zwei gleichfarbigen Register und der Datumsanzeige auf 6 Uhr ist sehr gut erhalten. Mit originalem schwarzem Lederarmband,ClassicHeuer,True
Heuer Carrera 12 Ref. 2447ST,Heuer,0,True,https://www.classicheuer.de/chronographs/heuer-carrera-12-ref-2447st/,https://www.classicheuer.de/wp-content/uploads/Carrera-Ref.2447St_1.jpg,"Schönes Sammlerstück: Eine frühe Version der Heuer Carrera 12 Chronograph mit silberfarbenen Zifferblatt, roter Tachymeterskala und 3 gleichfarbigen Registern. Die Carrera mit der Ref. 2447ST und dem Handaufzugswerk Valjoux 72 ist von 1968. Die Uhr ist in einem perfekten, NOS (new-old-stock) Zustand. Dieses gefragte Modell in einem authentischen und unpolierten Zustand. Mit originalem Lederband Heuer signiert und originaler Heuer Sun Schließe, sowie signierter Originalkrone.",ClassicHeuer,True
Heuer Carrera 45 Ref. 3647S Polycase,Heuer,0,True,https://www.classicheuer.de/chronographs/heuer-carrera-45-ref-3647s-polycase/,https://www.classicheuer.de/wp-content/uploads/Heuer_Carrera-Ref.-3647S_17.jpg,Dieses elegante und sehr gefragte Modell der Carrera 45 mit Cal. Valjoux 92 aus den 1960iger Jahren ist in einem getragenen aber sehr guten Zustand. Der Chronograph mit Handaufzug Ref. 3647S und silberfarbenen Zifferblatt mit zwei gleichfarbigen Registern ist ein sehr frühes Modell von 1964. In den 1963 – 69 Jahren waren die mechanischen Handaufzugschronographen der Modellreihe Carrera geprägt durch klare Optik mit einfach zu lesenden Stoppzeiten. Mit originaler Tritiumleuchtmasse auf den Zeiger,ClassicHeuer,True
Vintage Heuer Carrera Ref. 1153N,Heuer,0,True,https://www.classicheuer.de/chronographs/vintage-heuer-carrera-ref-1153n/,https://www.classicheuer.de/wp-content/uploads/Carrera-Ref.1153N_1.jpg,"Einzigartiges Sammlerstück: Vintage Heuer Carrera Ref.1153N mit dem Automatikwerk Heuer 12. Der Zeitmesser ist in einem guten unpolierten authentischen Zustand, leichte Tragespuren sind aus der Nähe erkennbar. Der Automatik Chronograph Heuer Carrera mit dem dunkelblauen Zifferblatt und zwei weißen Hilfsregistern ist einer der bekanntesten Sportchronographen der Uhrengeschichte. Die Carrera von 1971 hat orginales Heuer Edelstahlarmband.",ClassicHeuer,True
Vintage Heuer Carrera 12 NOS  Ref. 2447S,Heuer,0,True,https://www.classicheuer.de/chronographs/vintage-heuer-carrera-12-nos-ref-2447s/,https://www.classicheuer.de/wp-content/uploads/heuer-Carrera-Ref.2447S_2.jpg,Schönes Sammlerstück: Eine frühe Version der Heuer Carrera 12 Chronograph mit silberfarbenen Zifferblatt mit 3 gleichfarbigen Registern. 1st exec. Zifferblatt. Die Carrera mit der Ref. 2447S und dem Handaufzugswerk Valjoux 72 ist von 1967. Dieses gefragte Modell im NOS (new-old-stock) ist in einem authentischen und unpolierten Zustand. Red Sticker auf dem Rückdeckel und signierte Krone. Signiert Ed Heuer . Mit originalem Corfamband und Heuer Sun Schließe aus den 1960iger Jahren.,ClassicHeuer,True
Vintage Heuer Autavia 3te exec. Ref. 2446 M,Heuer,0,True,https://www.classicheuer.de/chronographs/vintage-heuer-autavia-3te-exec-ref-2446-m/,https://www.classicheuer.de/wp-content/uploads/Heuer-Autavia-Ref.-2446M_2.jpg,"Ein begehrtes Sammlerstück. Die schöne Heuer Autavia mit Handaufzug, schwarzem Zifferblatt, drei weißen Registern hat ein Valjoux 72 Werk. Puristisches Design. Tritium Zifferblatt . Der Chronograph von 1968 mit der Ref. 2446M hat eine sehr gut erhaltene Lunette mit Minten (M) Anzeige. Mit schwarzem Lederarmband und originaler Heuerschliesse.",ClassicHeuer,True
Heuer Autavia KAF Ref. 11630MH Military,Heuer,0,True,https://www.classicheuer.de/chronographs/heuer-autavia-kaf-ref-11630mh-military-2/,https://www.classicheuer.de/wp-content/uploads/Heuer-Autavia-KAF-Ref.-11630MH_2-1.jpg,Heuer Autavia KAF arabic dial: Dieses seltenen Modell der Autavia wurde speziell für die Kenya Airforce produziert. Nur wenige hundert Modelle wurden dort in der Airforce eingesetzt. Die Uhr ist in einem getragenen Zustand mit einem gut erhaltenen MH (Minute/Hour) Drehring. Eine Rarität aus Mitte der 1970iger Jahre. Ref. 11630MH mit Datumsanzeige und Kaliber Buren 12. BESONDERHEIT: mit arabischen Ziffern . Mit Textilband.,ClassicHeuer,True
Orfina Porsche Design Vintage “TOP GUN” Chronograph Ref. 7176S,Orfina,0,True,https://www.classicheuer.de/chronographs/orfina-porsche-design-vintage-top-gun-chronograph-ref-7176s/,https://www.classicheuer.de/wp-content/uploads/Orfina-PD-Ref.7176S_1-2.jpg,"Sportliche Ikone: Orfina Porsche Design Ref. 7176S. Die Uhr ist in einem stark getragenen, aber sehr authentischen Zustand aus Mitte der 1970iger Jahre. Technisch: sehr guter Zustand. Schwarz PVD beschichtetes Edelstahlband und Gehäuse mit schwarzem Zifferblatt, französischem Wochentag – und Datumanzeige, drei schwarzen Registern und Tachymeter Skala. Mit dem hochwertigen Automatik-Kaliber Lemania 5100. Der Formel 1 Weltmeister Mario Andretti trug dieses Modell bei Rennen auf seinem Lotus. Vor 5",ClassicHeuer,True
Vintage Heuer Autavia Derek Bell Ref. 1163MH,Heuer,0,True,https://www.classicheuer.de/chronographs/heuer-autavia-derek-bell-ref-1163mh/,https://www.classicheuer.de/wp-content/uploads/heuer-Autavia-Derek-Bell-Ref.-1163MH_2.jpg,"Die außergewöhnliche Heuer Autavia Derek Bell Ref. 1163MH ist in einem sehr guten authentischen Zustand . Ein begehrtes Sammlerstück aus den 1970iger Jahren. Unpolierter Originalzustand mit dem Automatikwerk Heuer/Buren 12. Unter Sammlern ist eine „Derek Bell“ Autavia eine Uhr, die in den 1970iger Jahren häufig von Derek Bell, dem ehemaligen britischen Automobilrennfahrer, getragen wurde. Der Chronograph mit der Minuten und Stunden Lunette (Minute Hours) ist die 3. Ausführung der Referenz 1163. ",ClassicHeuer,True
Heuer Autavia LUME Ref. 73663MH Vintage,Heuer,0,True,https://www.classicheuer.de/chronographs/heuer-autavia-lume-ref-73663mh-vintage/,https://www.classicheuer.de/wp-content/uploads/Heuer-Autavia-LUME-Ref.73663MH_1.jpg,"Bei dieser seltenen Autavia LUME mit Cal. Valjoux 7736 handelt es sich um eine besonders schöne Ausführung mit gut erhaltener Lunette mit MH Minute / Hour Lunette . Die Autavia Ref. 73663MH weist leichte Tragespuren auf, ist aber in einem authentischen sehr guten Zustand . Der Chonograph aus den 1970iger Jahren mit Handaufzug hat ein schwarzes Blatt, 3 schwarze Register. Die Indexe und Zeiger sind kraftvoll mit der originalen Leuchtmasse belegt. Eine wunderbar kontrastreiche Optik . Mit original",ClassicHeuer,True
Heuer Chrono 14k Gold Ref. 404,Heuer,0,True,https://www.classicheuer.de/chronographs/heuer-chrono-14k-gold-ref-404/,https://www.classicheuer.de/wp-content/uploads/Heuer-Chrono-Ref.-404-14K-Gold_1.jpg,"Eine Antiquität Schöner und seltener Heuer Pre Carrera aus 1955 mit Kaliber Valjoux 23 und der Ref. 404 in 14-karätigem Gold. Perfekte Funktionsfähigkeit. Eleganter Stil der Uhren der 1950er Jahre! Der Heuer Chronograph hat ein manuelles Aufzugswerk und befindet sich in einem sehr guten, aber getragenen Zustand. Champagnerfarbenes Zifferblatt mit zwei gleichfarbigen Registern. Schwarzes Lederarmband.",ClassicHeuer,True
Vintage Heuer Autavia “Jo Siffert Colors” Ref. 73463MH,Heuer,0,True,https://www.classicheuer.de/chronographs/vintage-heuer-autavia-jo-siffert-colors-ref-73463mh/,https://www.classicheuer.de/wp-content/uploads/Heuer-Autavia-Ref.73463MH-JS-Style_1.jpg,"Ein seltenes und begehrtes Sammlerstück. Die schöne Heuer Autavia Jo Siffert Colors mit Handaufzug, weißem Zifferblatt, zwei schwarzen Registern und Datumsanzeige auf 6 Uhr ist in einem sehr guten nur wenig getragenen Zustand. Aufgrund der blauen Zieger und Indexe hat die Uhr eine ähnliche Optik wie das Modell Autavia Ref.1163T, welches der Schweizer Rennfahrer Jo Siffert getragen hat. Der Chronograph aus den 1970iger Jahren mit Kaliber Valjoux 7734 Ref. 73463T hat eine MH (minute/hours) Lunette",ClassicHeuer,True
Vintage Heuer Seafarer Abercrombie & Fitch Ref. 2444,Heuer,0,True,https://www.classicheuer.de/chronographs/vintage-heuer-seafarer-abercrombie-fitch-ref-2444/,https://www.classicheuer.de/wp-content/uploads/Heuer-Seafarer_1.jpg,Außergewöhnlicher und sehr seltener Heuer Seafarer Chronograph mit der Ref. 2444 von 1963. Der Chronograph der 2ten Ausführung mit dem modifizierten Handaufzugswerk Kaliber Valjoux 721 ist in einem hervorragenden Zustand. Der Zeitmesser mit Gezeitenanzeige hat ein wunderschönes silberfarbenes Zifferblatt mit blauen Zonenmarkerierungen mit den drei Registern Gezeitenanzeige 30 Minuten- und 12 Stundenzähler. 3 Drücker (Gezeiteneinstellung auf linker Seite) und Krone. Unpoliert und im authentischen,ClassicHeuer,True
NOS Heuer Monaco Ref. 740303G Vintage,Heuer,0,True,https://www.classicheuer.de/chronographs/nos-heuer-monaco-ref-740303g-vintage/,https://www.classicheuer.de/wp-content/uploads/Heuer-Monaco-Ref.740303G_2.jpg,"Wunderschöne Vintage Heuer Monaco Ref. 740303G in der seltenen grauen Zifferblattvariante. Der Chronograph im NOS Zustand (New-Old-Stock) mit zwei gleichfarbigen Registern, Datumsanzeige hat das Handaufzugswerk Valjoux 7740. Die Uhr aus Anfang der 1970iger Jahre ist in einem authentischen und unpolierten Zustand , das Gehäuse ist noch nahezu perfekt. Besonderheit: roter Verkaufssticker auf dem Rückdeckel aus den 1970iger Jahren. Die Heuer Monaco mit blauem Zifferblatt wurde vom Schauspieler und ",ClassicHeuer,True
Vintage Heuer Mastertime Tritium 8-days Rallyetimer,Heuer,0,True,https://www.classicheuer.de/chronographs/vintage-heuer-mastertime-tritium-8-days-rallyetimer/,https://www.classicheuer.de/wp-content/uploads/Heuer-Mastertime-Tritium_1.jpg,"Sehr gut erhaltene Vintage Heuer Mastertime mit 3/6/9/12 Ziffern und Tritiumzifferblatt von 1965. Hervorragender Originalzustand, technisch einwandfrei. 8 Tage Präzisionsuhr mit Zentrumssekunde, Ankerwerk, 15 Steine. Drehbarer Glasring mit Markierungsdreieck. Zeigt entweder die genaue Tageszeit oder die gesamte Fahr- oder Flugzeit. Perfekter Rallyetimer aus Mitte der 1960iger Jahre für jede Rallyeprüfung.",ClassicHeuer,True
Vintage Heuer Monte Carlo Laptimer,Heuer,0,True,https://www.classicheuer.de/chronographs/vintage-heuer-monte-carlo-laptimer/,https://www.classicheuer.de/wp-content/uploads/Heuer-Monte-Carlo-Laptimer_1.jpg,"Sehr gut erhaltener Vintage Heuer Monte Carlo LAPTIMER Rallyetimer mit 3 Drückern von 1964-5. Hervorragender Originalzustand, technisch einwandfrei. Die Monte Carlo Standard zeigt die effektive Fahrzeit in Stunden von 0-12, Minuten, Sekunden und 1/5 Sekunden. Perfekter Rallyetimer aus Mitte der 1960iger Jahre für jede Rallyeprüfung.",ClassicHeuer,True
Vintage Heuer Monte Carlo Tachy Rallyetimer,Heuer,0,True,https://www.classicheuer.de/chronographs/vintage-heuer-monte-carlo-tachy-rallyetimer/,https://www.classicheuer.de/wp-content/uploads/Heuer-Monte-Carlo-Tachy_1.jpg,"Wunderschöner und sehr seltener Vintage Heuer Monte Carlo Tachymeter Rallyetimer von 1968 Set auf originaler Heuerplatte (signiert Heuer Leonidas S.A.). Hervorragender Originalzustand, technisch einwandfrei. Zeigt die effektive Fahrzeit und kann dank Tachymeterteilung zusätzlich für Geschwindigkeitsmessungen von 60 bis 300 km/h verwendet werden. Perfektes Set aus Mitte/Ende der 1960iger Jahre für jede Rallyeprüfung.",ClassicHeuer,True
Rolex Datejust Ref. 16014 Vintage 1985,Rolex,0,True,https://www.classicheuer.de/chronographs/rolex-datejust-ref-16014-vintage-1985-2/,https://www.classicheuer.de/wp-content/uploads/Rolex-Datejust_2.jpg,"Wunderschöne und sehr gut erhaltene Vintage Rolex Datejust mit seltenem grauem Zifferblatt und Quickdate. Die authentische Automatik Uhr mit der Ref. 16014 und dem Rolexwerk 3035 ist von 1985 und hat eine Stahllunette . Das Zifferblatt, das Gehäuse und das Edelstahlband sind in einem hervorragenden Zustand. Es handelt sich um ein Set mit Box, Hangtags und Rolex Broschüre.",ClassicHeuer,True
Vintage Heuer Modena Ref.150.511 – limited version of Heuer Monza,Heuer,0,True,https://www.classicheuer.de/chronographs/vintage-heuer-modena-ref-150-511-limited-version-of-heuer-monza-2/,https://www.classicheuer.de/wp-content/uploads/Heuer-Modena-Ref.150.511_1-1.jpg,"RARITÄT: Außergewöhnliche Heuer Mondena Ref. 150.511 mit Automatikkaliber Heuer 15 von 1977. Diese seltene Modena mit schwarzem Zifferblatt und kontrastreicher Optik (rote Zeiger bzw. Skalen) wurde in den 1970iger in einer kleinen Auflage produziert. Die Uhr ist in einem guten, authentischen Zustand , leichte Tragespuren sind sichtbar. Orginales Corfamband mit Heuer Sun Schließe. BESONDERHEIT: Die Heuer Modena ist identisch mit der Heuer Monza. 1977 wurde im deutschen Katalog die Heuer Modena vo",ClassicHeuer,True
Einzelstück Heuer Autavia 1st exec Big Subs Ref. 3646M,Heuer,0,True,https://www.classicheuer.de/chronographs/einzelstueck-heuer-autavia-1st-exec-big-subs-ref-3646m/,https://www.classicheuer.de/wp-content/uploads/Autavia-Big-Subs-Ref.3646M_20.jpg,"Diese ultrarare Heuer Autavia Big Subs Full Lume Ref. 3646M von 1962 ist in einem getragenen, aber sehr guten Zustand. Es handelt sich um die 1. Ausführung der Heuer Autavia. Vollständig authentisch, unpoliert und mit originaler Radium Leuchtmasse. Die Lunette mit Minutenanzeige (M Minute) weist Tragespuren auf. Das Handaufzugwerk Valjoux 92 mit 2 weißen Hilfsregistern ist technisch einwandfrei. BESONDERHEITEN: eine von 10 weltweit bekannten Modellen der Autavia Ref. 3646M mit All Lume Dauphinez",ClassicHeuer,True
Vintage Heuer Autavia GMT “Air France” Ref. 2446C,Heuer,0,True,https://www.classicheuer.de/chronographs/vintage-heuer-autavia-gmt-air-force-ref-2446c/,https://www.classicheuer.de/wp-content/uploads/Heuer-Autavia-GMT-Ref.-2446C_1.jpg,Perfekte Heuer Autavia GMT Air France mit der Referenz 2446C GMT . Besonderheit: Compressor Case und roter GMT Stundenzeiger. Die Autavia mit perfekter GMT Lunette ist in einem nahezu ungetragenen Zustand. Eine Rarität mit Handaufzugwerk Valjoux 72 GMT von 1970 . Der Chronograph mit Kunststoffglas hat drei weiße Register sowie ein schwarzes Zifferblatt und einen roten Zentral-Chronozeiger. Technisch und optisch einfach perfekt. BESONDERHEIT: das originale Edelstahlarmband.,ClassicHeuer,True
Vintage Heuer Skipper Ref. 7764 Yachtchronograph,Heuer,0,True,https://www.classicheuer.de/chronographs/vintage-heuer-skipper-ref-7764-yachtuhr/,https://www.classicheuer.de/wp-content/uploads/Skipper-Ref.7764_0.jpg,"Die kontrastreiche und seltene Heuer Skipper Yachtchrono Ref. 7764 (Gehäuse signiert 7763) von 1969-70 ist in dem absoluten Originalzustand . Das originale Glas hat alterungsbedingte Risse, kann aber auf Kundenwunsch durch ein neues ersetzt werden. Die Uhr ist völlig authentisch und in einem technisch einwandfreiem Zustand. Die Drehlunette mit Stunden und Minuteneinheit (MH) und auch der rote Zentralchronozeiger bieten die herkömmlichen Chronographen Funktionen. Das rot-blau-weiße Register ermög",ClassicHeuer,True
Heuer Autavia Jochen Rindt Ref. 2446H,Heuer,0,True,https://www.classicheuer.de/chronographs/heuer-autavia-jochen-rindt-ref-2446h-2/,https://www.classicheuer.de/wp-content/uploads/Autavia-Jochen-Rindt-Ref.2446H_1.jpg,"Sehr gesuchter Heuer Autavia Chronograph aus Familienbesitz. Dieser sportliche und gleichzeitig elegante Chronograph aus dem Jahr 1969 mit Handaufzug hat die Referenz 2446H. Besonderheit: die Drehlunette mit Stundenanzeige (Hours H) . Die Uhr mit dem berühmten Valjoux 72 Werk hat ein schwarzes Zifferblatt mit drei weißen Registern. Nicht nur das originale Tritiumzifferblatt sondern auch der authentische Zustand machen diesen Chronographen, der in dieser Variante vom damaligen Formel 1 Weltmeiste",ClassicHeuer,True
Vintage Heuer Autavia Mario Andretti Ref. 3646M,Heuer,0,True,https://www.classicheuer.de/chronographs/vintage-heuer-autavia-mario-andretti-ref-3646h/,https://www.classicheuer.de/wp-content/uploads/Autavia-Mario-Andretti-Ref.3646H_1.jpg,"Ein einzigartiges Sammlerstück. Der sportliche und sehr gesuchte Heuer Autavia Chronograph Autavia Mario Andretti mit Handaufzug ist aus dem Jahr 1969 . Mit schwarzem Zifferblatt, zwei weißen Registern und einem weißen Zentral-Sekundenzeiger, sowie Minuten (Minutes) Lunette (M). Die Uhr ist in einem getragenen aber sehr guten Zustand. Das Handaufzugswerk Valjoux 92 ist in einem technisch einwandfreien Zustand. Die Uhr mit der Referenz 3646H ist unpoliert und im Originalzustand. Tritium Zifferbla",ClassicHeuer,True
Vintage Heuer Bundeswehr 3H Tritium Ref. 1550SG,Heuer,0,True,https://www.classicheuer.de/chronographs/vintage-heuer-bundeswehr-3h-tritium-ref-1550sg-2/,https://www.classicheuer.de/wp-content/uploads/Bundeswehr-3H-Ref.1550SG_1.jpg,"Sehr gut erhaltener Bundeswehr Chronograph von 1968 mit dem Handaufzugswerk Valjoux 230 Flybac k und der Referenz Ref. 1550SG. Version mit rotem 3H Zeichen für Tritium auf dem Zifferblatt. Mit Bundeswehr Armband. Die ursprüngliche Versorgungsnummer 6645-12-146-3774 auf der Rückseite ist noch gut zu erkennen. Neue Versorgungsnummer für neue Einheit. Tritium auf Zeigern und Indexen. Drehlunette mit Minutenanzeige, Sekundenanzeige im Innenring. Die Piloten der JaBo 33 (taktisches Luftwaffengeschwad",ClassicHeuer,True
Orfina Porsche Design Ref. 7176 BUND Military satiniert,Orfina,0,True,https://www.classicheuer.de/chronographs/orfina-porsche-design-ref-7176-bund-military-satiniert/,https://www.classicheuer.de/wp-content/uploads/Orfina-PD-Military-Ref.7176S_1.jpg,"Hervorragend erhaltener Militärchronograph Orfina Porsche Design Bund mit der Ref. 7177 aus Mitte der 1970er Jahre. Dieser satinierte Chronograph mit dem Automatikwerk Lemania 5100 wurde speziell für das Militär gefertigt und befindet sich in getragenem, aber sehr gutem Zustand. Schwarzes Zifferblatt mit 3H-Logo , Tachymeter- Innenring , deutscher Wochentagsanzeige und Datum. BUND Versorgungsnummer und Porsche Design auf der Rückseite eingraviert. Originales Tritium-Zifferblatt mit satiniertem o",ClassicHeuer,True
Heuer Montreal Ref. 110.503W Vintage,Heuer,0,True,https://www.classicheuer.de/chronographs/heuer-montreal-ref-110-503w-vintage/,https://www.classicheuer.de/wp-content/uploads/Heuer-Montreal-Ref.110.503W_1.jpg,"RARITÄT: Außergewöhnliche Heuer Montreal Ref. 110.503W mit Automatikkaliber Heuer 12 von 1976. Diese seltene Montreal mit weißem Zifferblatt und kontrastreicher Optik (blau und rote Zeiger bzw. Skalen) wurde in den 1970iger in einer kleinen Auflage von 150 Stück produziert. Die Uhr ist in einem guten, authentischen Zustand , leichte Tragespuren sichtbar. Das Zifferblatt ist phantastisch, kaum UV Einflüsse sichtbar. Die Heuer Montreal wurde ab 1972 speziell für den amerikanischen Markt produziert",ClassicHeuer,True
Heuer Carrera “Mick Jagger” Ref. 1153N,Heuer,0,True,https://www.classicheuer.de/chronographs/heuer-carrera-mick-jagger-ref-1153n/,https://www.classicheuer.de/wp-content/uploads/Heuer-Carrera-Ref.1153N_1_1.jpg,"Einzigartiges Sammlerstück: Vintage Heuer Carrera Ref.1153N mit dem Automatikwerk Heuer 11. Der Zeitmesser ist in einem guten unpolierten authentischen Zustand, leichte Tragespuren sind erkennbar, kleine Gravur auf dem Rückdeckel. BESONDERHEIT: 1st exec. von 1969. Der Automatik Chronograph Heuer Carrera mit dem dunkelblauen Zifferblatt und zwei weißen Hilfsregistern wurde Anfang der 1970iger Jahre u.a. von Mick Jagger getragen und bekam dadurch Kultstatus. Die Heuer Carrera ist einer der bekannt",ClassicHeuer,True
Vintage Heuer Autavia GMT Ref. 1163GMT,Heuer,0,True,https://www.classicheuer.de/chronographs/heuer-autavia-gmt-ref-1163gmt-1st-exec-dial/,https://www.classicheuer.de/wp-content/uploads/Heuer-Autavia-GMT-Ref.-1163GMT_3.jpg,"Sehr seltene Heuer Autavia GMT. Das Modell Autavia Ref. 1163 GMT ist im einem guten authentischen Zustand mit einer leicht verblassten 24 Stundenlunette. Eine Rarität mit dem Automatikwerk Cal.11 GMT vom 1970. Die unpolierte Autavia mit dem typischen Gehäusedesign hat zwei weiße Register, ein schwarzes Zifferblatt mit rotem Zentralsekundenzeiger – sowie einem leicht verblassten GMT Stundenzeiger. Besonderheit: 1-24 Stunden Lunette blau-rot, 1st exec. Zifferblatt und Plexiglas. Mit schwarzem Lede",ClassicHeuer,True
Heuer Montreal “Stefan Bellof” Ref. 110.503NC Vintage,Heuer,0,True,https://www.classicheuer.de/chronographs/heuer-montreal-stefan-bellof-ref-110-503nc-vintage/,https://www.classicheuer.de/wp-content/uploads/Heuer-Montreal-Ref.110.503NC_1.jpg,"Der Automatikchronograph Heuer Montreal von Mitte der 1970iger Jahre hat die Referenz 110.503N. Die Uhr mit dem Heuer / Buren Kaliber 12 hat sowohl eine Tachymeterskala als auch Pulsationsskala. Das Modell wurde in den 1970iger Jahren speziell für den Markt in Übersee konzipiert und nach der Formel 1 Rennstrecke in Montreal benannt. Der deutsche Formel 1 Fahrer Stefan Bellof trug diese Version der Heuer Montreal in den 1970iger Jahren. Die Uhr ist in einem getragenen, aber sehr guten Zustand. Mi",ClassicHeuer,True
Heuer Calculator Vintage Ref. 110.633B,Heuer,0,True,https://www.classicheuer.de/chronographs/heuer-calculator-vintage-ref-110-633b/,https://www.classicheuer.de/wp-content/uploads/Heuer-Calculator-Ref.110.633B_1.jpg,"Dieses außergewöhnliche Heuer-Modell aus dem Jahr 1971 wurde aufgrund der Rechenschieber als drehbarer Lünette als Calculator bezeichnet. Der automatische Chronograph mit dem Kaliber Heuer/Buren 12 und Ref. 110.633B hat die Krone auf der linken Seite. Die Uhr im Zustand NOS (new-old-stock) besitzt ein blaues Zifferblatt, zwei blaue Hilfszifferblätter und eine Datumsanzeige bei 6 Uhr. Eine weitere Besonderheit ist die kontrastreiche Optik durch die orangefarbenen Zeiger und Indexe. Mit schwarzem ",ClassicHeuer,True
Heuer Carrera 12 “Reverse Panda Dial” Ref. 2447 NST – 2nd Exec.,Heuer,0,True,https://www.classicheuer.de/chronographs/heuer-carrera-12-reverse-panda-dial-ref-2447-nst-2nd-exec/,https://www.classicheuer.de/wp-content/uploads/Heuer-Carrera-Ref.2447NST_3_0.jpg,"Reverse PANDA Dial ! Dieses elegante und bei Sammlern sehr gefragte Modell der Heuer Carrera 12 mit Cal. Valjoux 72 aus den 1960iger Jahren ist in einem getragenen, authentischen Zustand. Der Chronograph Ref. 2447 NST mit Handaufzug hat ein schwarzes Zifferblatt mit drei weißen Registern (genannt PANDA Dial). Besonderheit: weißer Tachymeter Aufdruck auf dem Zifferblatt! Es handelt sich um eine äußerst seltene Variante der Heuer Carrera 12 (2nd execution) mit schwarzem Lederband und Heuerschließe",ClassicHeuer,True
Vintage Heuer Bundeswehr Chronograph Ref. 1550SG Tritium,Heuer,0,True,https://www.classicheuer.de/chronographs/vintage-heuer-bundeswehr-chrono-ref-1550sg-super-luminar/,https://www.classicheuer.de/wp-content/uploads/Heuer-Bundeswehr-Ref.1550SG-_1.jpg,"Gut erhaltener Bundeswehr Chronograph v mion 1968t dem Handaufzugswerk Valjoux 230 Flyback und der Referenz Ref. 1550SG . Version mit Tritium Zifferblatt ohne 3H Aufdruck. Mit Bundeswehr Armband. Die Uhr erhielt eine neue Versorgungsnummer. Drehlunette mit Minutenanzeige, Sekundenanzeige im Innenring. Die Piloten der JaBo 33 (taktisches Luftwaffengeschwader 33) Staffel der Bundeswehr erhielten diese Uhr zur Verwendung im Einsatz. Die Uhr ist in einem getragenen, aber völlig authentischen Zustand",ClassicHeuer,True
Heuer Carrera Ref. 1153S Vintage,Heuer,0,True,https://www.classicheuer.de/chronographs/heuer-carrera-ref-1153s-vintage/,https://www.classicheuer.de/wp-content/uploads/Heuer-Carrera-Ref.1157S_2.jpg,"Bei diesem Heuer Carrera Modell Ref. 1153S handelt es sich um eine Version v on 1971 mit dem Automatikwerk Heuer/Buren 12 . In 1969 kamen die ersten Heuer Automatik Chronographen auf den Markt. Dazu gehörten die Monaco, die Autavia und die Carrera. Dieses Modell ist eine besonders schöne Ausführung in einem getragenen, aber sehr guten Zustand. Silberfarbenes Zifferblatt, zwei graue Register mit Datumsanziege auf 6 Uhr sowie eine graue Tachymeterskala mit weißen Ziffern und einem orangefarbenen C",ClassicHeuer,True
Heuer Camaro Tachy Ref. 73443NT Vintage,Heuer,0,True,https://www.classicheuer.de/chronographs/heuer-camaro-tachy-ref-73433nt-vintage/,https://www.classicheuer.de/wp-content/uploads/Camaro-Ref.-73443NT-Tachy_1.jpg,Absolute Rarität. Außergewöhnlicher originaler Heuer Camaro Chronograph Ref. 73443NT von 1971. Der Handaufzug – Chronograph mit dem bekannten Cal. Valj. 7734 hat ein schwarzes Zifferblatt mit zwei gleichfarbigen Registern und Datum auf 6 Uhr. Dezente elegante Optik in schwarz-weiß. Die Uhr ist in einem authentischen und sehr guten Zustand. Besonderheit: weiße Tachymeterskala auf Zifferblatt. Mit schwarzem Lederband und Heuerschließe.,ClassicHeuer,True
Heuer Montreal “Union Jack” Chronograph Ref. 110.503B,Heuer,0,True,https://www.classicheuer.de/chronographs/heuer-montreal-union-jack-chronograph-ref-110-503b/,https://www.classicheuer.de/wp-content/uploads/Montreal-Ref.110.503B_2.jpg,Seltene Heuer Montreal “Union Jack” blau. Der Automatik Chronograph Ref. 110.503B mit dem Kaliber Heuer / Buren 12 ist von Mitte der 1970iger Jahre. Die Uhr wurde wenig getragenen und ist in einem einmalig guten Zustand . Strahlend blaues Zifferblatt mit zwei weißen Registern und Datum auf 6 Uhr. Schwarzes Lederband in Racing Optik mit Heuerschließe. Dieses Modell der Montreal von 1975 besticht durch seine kontrastreiche Optik mit roten Skalierungen auf der Pulsationsskala und roten Zeigern.,ClassicHeuer,True
Heuer Pasadena PVD Chrono Ref. 750.501 2. Version,Heuer,0,True,https://www.classicheuer.de/chronographs/heuer-pasadena-pvd-chrono-ref-750-501-2-version/,https://www.classicheuer.de/wp-content/uploads/Pasadena-PVD_1.jpg,"Sehr gut erhaltene authentische Heuer Pasadena PVD (2.Version) mit der Referenz 750.501. Der Chronograph enthält das damals neue Automatikwerk Valjoux 7750 und ist in einem technisch einwandfreiem Zustand. Es handelt sich um die 1982iger Version: nur mit Datumsanzeige, ohne Pasadena Schriftzug auf dem Zifferblatt und mit Leuchtmarkierungen bei 3 / 6 / 9 als Punkte. Die Pasadena entspricht dem Zeitgeist der 1980iger Jahre mit der neuwertigen schwarzen Beschichtung und dem klaren, sehr gut lesbare",ClassicHeuer,True
Heuer Autavia Viceroy Ref. 1163V Vintage NOS,Heuer,0,True,https://www.classicheuer.de/chronographs/heuer-autavia-viceroy-ref-1163v-vintage-nos/,https://www.classicheuer.de/wp-content/uploads/Heuer-Autavia-Viceroy-Ref.-1163V_1-2.jpg,"Die außergewöhnliche Heuer Autavia Viceroy Ref. 1163V ist in einem NOS (New-Old-Stock) Zustand . Ungetragenes Sammlerstück aus den 1970iger Jahren. Authentischer und unpolierter Originalzustand mit Automatikwerk Heuer/Buren 12. Unter Sammlern ist eine „Viceroy“ Autavia eine Uhr, die in die Promotion der Zigarettenmarke „Viceroy“ aufgenommen wurde. Die Aktion umfasste sowohl Ref. 1163 als auch Ref. 11630 Autavias. BESONDERHEIT: mit rotem Verkaufssticker auf dem Gehäuseboden.",ClassicHeuer,True
Orfina Porsche Design Vintage “TOP GUN” Chronograph Ref. 7750,Orfina,0,True,https://www.classicheuer.de/chronographs/orfina-porsche-design-vintage-top-gun-chronograph-ref-7750/,https://www.classicheuer.de/wp-content/uploads/Orfina-PD-Ref.7750_1-1.jpg,"Sportliche Ikone: Orfina Porsche Design Ref. 7750. Die Uhr ist in einem getragenen, authentischen Zustand aus Mitte der 1970iger Jahre. Technisch: sehr guter Zustand. Schwarz PVD beschichtetes Edelstahlband und Gehäuse mit schwarzem Zifferblatt, französischem Wochentag – und Datumanzeige, drei schwarzen Registern und Tachymeter Skala. Mit dem hochwertigen Automatik-Kaliber Valjoux 7750. Der Formel 1 Weltmeister Mario Andretti trug dieses Modell bei Rennen auf seinem Lotus. Vor 50 Jahren in 1972 ",ClassicHeuer,True
Heuer Silverstone Vintage Ref. 110.313R,Heuer,0,True,https://www.classicheuer.de/chronographs/heuer-silverstone-vintage-ref-110-313r/,https://www.classicheuer.de/wp-content/uploads/Silverstone-Ref.110.313R_1-1.jpg,"Eine Rarität !! Die schöne Heuer Silverstone Ref. 110.313R mit Kaliber Heuer / Buren 12 ist benannt nach der Rennstrecke in England . Der Automatik Chronograph aus Mitte der 1970iger Jahre ist in einem getragenen, aber sehr guten Zustand . Das Modell mit rotem Zifferblatt, 2 Registern und Datumsanzeige in einem unpolierten und authentischen Zustand ist heute sehr schwer zu finden. Die Heuer Silverstone wurde nur in den Zifferblattfarben blau, bordeauxrot und fumé auf den Markt gebracht. Schwarze",ClassicHeuer,True
Vintage Heuer Autavia “Dot´s & Slashes” Ref. 2446M 2nd exec. Chronograph,Heuer,0,True,https://www.classicheuer.de/chronographs/vintage-heuer-autavia-dots-slashes-ref-2446m-2nd-exec-chronograph/,https://www.classicheuer.de/wp-content/uploads/Autavia-Ref.2446M_1.jpg,"RARITÄT: Dieser Autavia Chronograph Ref. 2446M ist äußerst selten, es handelt sich um die 2. Execution der Heuer Autavia mit originalen Dauphine Zeigern. Diese Variante der Heuer Autavia „Dots & Slashes“ Ref. 2446M besitzt originales Tritium auf den Zeigern und Leuchtpunkten. Es ist ein äußerst schönes, sehr gut erhaltenes Modell mit dem berühmten Handaufzugwerk Valjoux 72 von 1964 im unpolierten und authentischen Zustand. Besonderheit: mit originalem Corfamband und originaler Heuer Sun Schließe",ClassicHeuer,True
Vintage Heuer Monaco “Steve McQueen” Ref. 1133B Chronograph,Heuer,0,True,https://www.classicheuer.de/chronographs/vintage-nos-heuer-monaco-steve-mcqueen-ref-1133b-chronograph/,https://www.classicheuer.de/wp-content/uploads/Monaco-Ref.1133B_1-1.jpg,Eine IKONE : die berühmte Heuer Monaco „Steve McQueen“ . Der Chronograph mit der Ref.1133B und dem Automatikwerk Heuer/Buren 12 ist von Anfang der 1970iger Jahre. Die Uhr ist in einem guten Zustand. Dieses sehr gesuchte Modell mit blauem Zifferblatt und Datumsanzeige ist authentisch und unpoliert. Einige leichte Tragespuren am Gehäuse sind sichtbar. Mit schwarzem Lederband und Heuer Schließe. Die Heuer Monaco wurde vom Schauspieler und Rennfahrer „Stev McQueen“ bei den Dreharbeiten zum Film „Le ,ClassicHeuer,True
Vintage Heuer Autavia “Mario Andretti” Ref. 3646M – first owner Chronograph,Heuer,0,True,https://www.classicheuer.de/chronographs/vintage-heuer-autavia-mario-andretti-ref-3646m-first-owner-chronograph/,https://www.classicheuer.de/wp-content/uploads/Autavia-Ref.-3646M_1.jpg,"Ein einzigartiges Sammlerstück aus 1. Hand. Der sportliche und sehr gesuchte Heuer Autavia Chronograph Autavia Mario Andretti mit Handaufzug ist aus dem Jahr 1968 . Mit schwarzem Zifferblatt, zwei weißen Registern und einem weißen Zentral-Sekundenzeiger, sowie Minuten Lunette (M). Die Uhr ist in einem getragenen aber guten Zustand. Zifferblattverfärbung durch starke UV Strahlung. Die . kam im Cockpit der ersten in Serie gebauten zivilen Flugzeuge mit Strahlantrieb in Deutschland zum Einsatz. Das",ClassicHeuer,True
Vintage Zenith “TV” El Primero Ref. 01-200-415 Chronograph,Zenith,0,True,https://www.classicheuer.de/chronographs/vintage-zenith-tv-el-primero-ref-01-200-415-chronograph/,https://www.classicheuer.de/wp-content/uploads/Zenith-TV-Ref.01-200-415_1.jpg,Extravaganter automatischer Chronograph von Zenith. Diese Ikone von Zenith in außergewöhnlicher Form wurde in den 1970iger Jahren in einer limitierten Auflage von 4.950 Stück produziert und hat sich deshalb in den letzten Jahren zu einem begehrten Sammlerstück entwickelt. Das quadratische Gehäuse verfügt über seltene Wippenschalter neben der Aufzugskrone und erhielt aufgrund seiner Form den Spitznamen „Fernseher“ bzw. „ TV “. Speziell die italienische Airforce setzte auf diesen Zeitmesser mit de,ClassicHeuer,True
Vintage 18k Gold Heuer Carrera Ref. 2456N,Heuer,0,True,https://www.classicheuer.de/chronographs/vintage-nos-heuer-carrera-ref-2547s-calendarium-chronograph/,https://www.classicheuer.de/wp-content/uploads/Heuer-Carrera-18K-Ref.2456N_1-1.jpg,"Sehr seltene Heuer Carrera 18K Gold von 1968/9 aus Erstbesitz. Mit Handaufzug Valjoux 72 und schwarzem Zifferblatt. Der Chronograph mit Handaufzug und Referenz 2456N ist in einem außergewöhnlich guten, authentischen und unpolierten Zustand. 3 Register (permanente Sekunde, 30 Minuten- und 12 Stundenzähler) . Mit originalem schwarzen Heuer Lederband und vergoldeter originaler Heuer Sun Schließe. Gravur des 1. Besitzers auf Rückdeckel.",ClassicHeuer,True
Vintage Heuer Silverstone Ref. 110.313F Chronograph,Heuer,0,True,https://www.classicheuer.de/chronographs/nos-vintage-heuer-silverstone-ref-110-313f-chronograph/,https://www.classicheuer.de/wp-content/uploads/Heuer-Silverstone-Ref.110.313F_2-2.jpg,"Dieses außergewöhnliche Heuer Modell mit fumé farbenen Zifferblatt wurde nach der britischen Rennstrecke „Silverstone“ benannt. Diese Uhr in einem guten authentischen Zustand mit Ref. 110.313F wurde 1974 basierend auf dem Automatikwerk Heuer / Buren 12 hergestellt. Typisch für dieses Werk ist die Aufzugskrone auf der linken Seite. Die blaue Zifferblattversion dieser Uhr wurde von Clay Regazzoni getragen, einem der berühmtesten Rennfahrer dieser Zeit. Es wurden nur 3 Zifferblattfarben auf den Mar",ClassicHeuer,True
Heuer Military 5000 Series KAF Ref. 510.501 Vintage Chronograph,Heuer,0,True,https://www.classicheuer.de/chronographs/heuer-military-5000-series-kaf-ref-510-501-vintage-chronograph/,https://www.classicheuer.de/wp-content/uploads/Heuer-Military-KAF_2.jpg,"Authentischer Military Chronograph der 5000 Series aus den 1970iger Jahren. Referemz 510.501 schwarz PVD beschichtet, ausgeliefert an die Kenyan Airforce (KAF) . Dieser Automatik Chronograph mit dem Lemania 5100 Kaliber ist in einem getragen, authentischen Zustand. Technisch einwandfrei und voll funktionsfähig. Schwarzes PVD beschichtetes Stahlband. Diese robuste Uhr hat eine deutsche Wochentagsanzeige, Datum und Tachymeterskala, sowie drei Totalisatoren. Ein individueller und außergewöhnlicher ",ClassicHeuer,True
Vintage Heuer Chrono Ref. 510.513,Heuer,0,True,https://www.classicheuer.de/chronographs/heuer-leonidas-easy-rider-chronograph/,https://www.classicheuer.de/wp-content/uploads/Heuer-Chrono-Ref.510.513_19.jpg,"Jung und modern. Anfang der 1980iger Jahre wurde dieses extravagante Modell mit dem Automatikwerk Lemania 5100 von Heuer für das jüngere Publikum auf den Markt gebracht. Die damals beliebte Kissenform des Gehäuses und der Sonnenschliff spiegeln den Zeitgeist wider. Funktionen: Datumsanzeige, orangeroten Chronosekundenzeiger sowie typisch für Lemania 5100 zentraler Chronominutenzeiger und zwei Totalisatoren: permantente Sekunde und 12 Stundenzähler. Diese Uhr ist in einem nahezu perfekten Zustand",ClassicHeuer,True
Orfina Military Bund Porsche Design Chronograph Ref. 7177,Orfina,0,True,https://www.classicheuer.de/chronographs/orfina-military-bund-porsche-design-chronograph-ref-7177/,https://www.classicheuer.de/wp-content/uploads/Orfina-PD-Bund-Military-Ref.-7177_0.jpg,"Außergewöhnlicher Militärchronograph Orfina Porsche Design Bund mit der Ref. 7177 aus Mitte der 1970er Jahre. Dieser satinierte Chronograph mit dem Automatikwerk Lemania 5100 wurde speziell für das Militär gefertigt und befindet sich in getragenem, aber sehr gutem Zustand. Schwarzes Zifferblatt mit 3H-Logo , Stunden Innenring, deutscher Wochentagsanzeige und Datum. Versorgungsnummer und Orfina auf der Rückseite eingraviert. Originales Tritium-Zifferblatt.",ClassicHeuer,True
Heuer Montreal Ref. 110.503N Vintage,Heuer,0,True,https://www.classicheuer.de/chronographs/heuer-montreal-ref-110-503n-vintage/,https://www.classicheuer.de/wp-content/uploads/Heuer-Montreal-ref.-110.503N_1.jpg,"Der Automatikchronograph Heuer Montreal von Mitte der 1970iger Jahre hat die Referenz 110.503N. Die Uhr mit dem Heuer / Buren Kaliber 12 hat sowohl eine Tachymeterskala als auch Pulsationsskala. Das Modell wurde in den 1970iger Jahren speziell für den Markt in Übersee konzipiert und nach der Formel 1 Rennstrecke in Montreal benannt. Ein besonders kontrastreiches Modell mit roten und gelben Zeigern und Indexen. Die Uhr ist in einem getragenen Zustand , das Gehäuse wurde auf Wunsch des Vorbesitzer",ClassicHeuer,True
Heuer Autavia – early version – Ref. 2446H Vintage Chronograph 1. Hand,Heuer,0,True,https://www.classicheuer.de/chronographs/heuer-autavia-2nd-exec-ref-2446m-vintage-chronograph/,https://www.classicheuer.de/wp-content/uploads/Heuer-Autavia-Ref.-2446H_1.jpg,"Sehr gesuchter Heuer Autavia Chronograph von 1965-66. Dieser sportlich und gleichzeitig elegante Chronograph mit Handaufzug hat die Ref. 2446H Besonderheit: Die Drehlunette zeigt nur die Stundenanzeige. Die Uhr mit dem bekannten Kaliber Valjoux 72 hat ein schwarzes Zifferblatt mit 3 weißen Registern. Originales Tritiumzifferblatt, sowie authentischer unpolierter Zustand. Diese Variante ist ein Vorgängermodel der Ref. 2446M, die vom damaligen Formel 1 Rennfahrer Jochen Rindt getragen wurde und he",ClassicHeuer,True
Heuer Leonidas Easy Rider Skipper Ref. 423.804 Chronograph,Heuer,0,True,https://www.classicheuer.de/chronographs/heuer-jacky-ickx-easy-rider-vintage-chronograph/,https://www.classicheuer.de/wp-content/uploads/Leonidas-Easyrider-Skipper-Ref.-423.804_1.jpg,"Seltenes Top-Modell der Easy-Rider-Serie war die 1972 vorgestellte Skipper . Dieses Modell mit der Ref. 423.804 mit einem Monocoque Gehäuse in blau ist in einem technisch sehr guten Zustand. Dieses Modell trug keinerlei Hinweis auf Heuer, sondern lediglich den Hinweis Skipper unter dem Leonidas Schriftzug. Im Gegensatz zu dem Jacky Ickx Modell der Easy Rider Serie hat dieses Modell keine Datumsanzeige, sondern den Totalisator mit Countdownzähler für Segelregatten auf 10Uhr. Ein spezielles ellips",ClassicHeuer,True
Heuer Monaco Vintage Ref. 1133G,Heuer,0,True,https://www.classicheuer.de/chronographs/heuer-monaco-vintage-ref-1133g/,https://www.classicheuer.de/wp-content/uploads/Heuer-Monaco-Ref.1133G_1-1.jpg,"Eine Rarität, die graue Version der berühmten Heuer Monaco „Steve McQueen“ . Der Chronograph mit der Ref.1133G und dem Automatikwerk Heuer/Buren 12 ist von Anfang der 1970iger Jahre. Die Uhr ist in einem getragenen, aber guten Zustand mit Patina auf dem Zifferblatt. Dieses sehr gesuchte Modell mit grauem Zifferblatt und Datumsanzeige ist in einem authentischen und unpolierten Zustand. Tragespuren am Gehäuse sind sichtbar. Mit schwarzem lederband in Racing Optik und Heuerschließe. Die Heuer Monac",ClassicHeuer,True
Omega Chronograph Vintage Ref. 101.009-65,Omega,0,True,https://www.classicheuer.de/chronographs/omega-chronograph-vintage-ref-101-009-65/,https://www.classicheuer.de/wp-content/uploads/Omega-Chrono-Ref.101.009-65_0.jpg,Wunderschöner Omega Chronograph Ref. 101.009 mit silberfarbenen Zifferblatt. Die Uhr in einem sehr guten authentischen und unpolierten Zustand wurde 1965 in den Markt gebracht. Die Handaufzugsuhr mit Omega Kaliber 320 hat eine Tachymeterskala im Innenring.und zwei gleichfarbende Register. Mit originalem Omega Lederband und Omega Schließe. Die Uhr ist aus Erstbesitz.,ClassicHeuer,True
Omega Speedmaster Professional Mark II Ref. 145.014,Omega,0,True,https://www.classicheuer.de/chronographs/omega-speedmaster-professional-mark-ii-ref-145-014/,https://www.classicheuer.de/wp-content/uploads/Omega-Speedmaster-MarkIII_0.jpg,"Dieser außergeöhnliche Chronograph Omega Speedmaster Professional Mark II von 1970 hat ein stromlinienförmiges Design. Bei diesem Modell handelt es sich um das erste Redesign der Omega Speedmaster von 1969. Die Uhr mit Handaufzug und dem bekannten Kaliber Omega 861 ist in einem getragenen aber guten, authentischen Zustand . Unpoliert mit originalem Omega Stahlband. Das fassförmige Gehäuse entspricht dem Zeitgeist der 1970iger Jahre.",ClassicHeuer,True
Heuer Carrera Dato 45 Ref. 3147S Silver Dial,Heuer,0,True,https://www.classicheuer.de/chronographs/heuer-carrera-dato-45-ref-3147s-silver-dial/,https://www.classicheuer.de/wp-content/uploads/Heuer-Carrera-Dato-45-Ref.3147S_1.jpg,"Sehr seltener und gesuchter Heuer Carrera 45 Dato Chronograph mit der Ref. 3147S aus dem Jahr 1970. Der Chronograph mit dem Handaufzug Landeron 189 ist in einem getragenen aber authentischen und unpolierten Zustand mit interessanter Sporthistorie. Die Uhr wurde der finnischen Sportfunktionärin für Ihren Einsatz überreicht: HELKA RISTOLAINEN war Leiterin des Frauen-Langlaufteams von den Olympischen Spielen 1952 in Oslo bis zu den Weltmeisterschaften 1982 in Oslo. Besonderes Merkmal die klare, ele",ClassicHeuer,True
Heuer Monaco Vintage Ref. 73633G,Heuer,0,True,https://www.classicheuer.de/chronographs/heuer-monaco-vintage-ref-73633b-nos/,https://www.classicheuer.de/wp-content/uploads/Heuer-Monaco-Ref.-73633G_1-1.jpg,"Authentischer Vintage Heuer Monaco Ref. 73633G Crhonograph mit grauem Zifferblatt. Die Uhr ist in einem technisch einwandfreien Zustand hat drei gleichfarbig graue Register und das Handaufzugswerk Valjoux 7736. Die Uhr aus Anfang der 1970iger Jahre ist in einem unpolierten, getragenen Zustand, das Zifferblatt weist Patina auf. Die extravagante Heuer Monaco wurde vom Schauspieler und Rennfahrer „Steve McQueen“ bei den Dreharbeiten zum Film „Le Mans“ getragen und erhielt dadurch Kultstatus.",ClassicHeuer,True
Heuer Carrera Vintage Ref. 73653S silver dial,Heuer,0,True,https://www.classicheuer.de/chronographs/heuer-carrera-vintage-ref-73653s-silver-dial/,https://www.classicheuer.de/wp-content/uploads/Carrera-Ref.73653S_0.jpg,"Eines der letzten Handaufzugmodelle im neuen Design. Bei diesem Modell der Heuer Carrera handelt es sich um eine Version von 1970, es ist eine besonders schöne Ausführung in einem nahezu perfektem Zustand mit kontrastreicher Optik . Der Heuer Carrera Chronograph Ref. 73653S mit dem Handaufzug Valjoux 7736 hat ein silber farbendes Zifferblatt mit drei schwarzen Registern Registern. Der Zentralschronozeiger ist in rot, der Tachymeteraufdruck in weiß auf schwarz. Die Uhr ist in einem authentischen ",ClassicHeuer,True
Heuer Cortina Vintage Ref. 110.233NC,Heuer,0,True,https://www.classicheuer.de/chronographs/heuer-cortina-vintage-ref-110-233nc/,https://www.classicheuer.de/wp-content/uploads/Cortina-Ref.110.233N_0.jpg,Das seltene Heuer Modell Cortina wurde 1977 speziell für den Wintersport präsentiert und unterscheidet sich von den bekannteren Heuermodellen deutlich. Sechskantige Gehäuseform mit Edelstahlband. Die Heuer Cortina Ref. 110.233 NC (schwarzes Zifferblatt) ist in einem NOS (new-old-stock) Zustand. Authentisch und unpoliert . Das Automatikwerk Heuer/Buren 12 ist technisch einwandfrei. Originale Leuchtmasse und Indexe mit Patina .,ClassicHeuer,True
Heuer Autavia Vintage Ref. 11063V,Heuer,0,True,https://www.classicheuer.de/chronographs/heuer-autavia-vintage-ref-11063v/,https://www.classicheuer.de/wp-content/uploads/Autavia-Ref.11063V_0.jpg,"Der sportliche Automatik-Chronograph Heuer Autavia mit der Ref. 11063V und dem Kaliber Buren/Heuer 12 von 1984 hat einen Drehring mit Minuten (M) und Stunden (H) Anzeige . Die Uhr ist in einem getragenen, aber sehr guten Gesamtzustand. Zeiger, Zifferblatt und Drehlunette sind gut erhalten. Originale Leuchtmasse in Zeiger und Indexen. Schwarzes Zifferblatt mit zwei grauen Registern und Datumsanzeige auf 6 Uhr. Unpoliert und authentisch mit originalem Edelstahlband, ein wunderschönes Sammlerstück.",ClassicHeuer,True
Heuer Carrera Vintage Ref. 73653N,Heuer,0,True,https://www.classicheuer.de/chronographs/heuer-carrera-vintage-ref-73653n/,https://www.classicheuer.de/wp-content/uploads/Carrera-Ref.73653N_0.jpg,"Bei diesem Modell handelt es sich um eine Version von 1970, es ist eine besonders schöne Ausführung in einem nahezu perfektem Zustand mit kontrastreicher Optik . Der Heuer Carrera Chronograph Ref. 73653N mit dem Handaufzug Valjoux 7736 hat ein schwarz-blaues Zifferblatt mit drei weißen Registern Registern. Der Zentralchronozeiger ist in rot, der Tachymeteraufdruck in schwarz auf weiß. Die Uhr ist in einem authentischen Zustand, originale Leuchtmasse und Indexe mit Patina . Das Gehäuse ist unpoli",ClassicHeuer,True
Heuer Solunar Ref. 279.603 “Gezeitenuhr”,Heuer,0,True,https://www.classicheuer.de/chronographs/heuer-solunar-ref-279-603-gezeitenuhr/,https://www.classicheuer.de/wp-content/uploads/Solunar-Ref.279.603_0.jpg,Sehr seltene Heuer Gezeitenuhr Solunar 279.603 von 1976. Mit Automatikwerk ETA 2790-1 und Drehlunette für Ebbe und Flut . Diese seltene Uhr wurde nur 4 Jahre produziert und war bestimmt für die Seefahrt (Ebbe-Flut-Anzeige). Besonderheit: 2 Kronen für Datum und Wochentag (bi-lingual). Doppelte Wochentagsanzeige auf Innenring. Zur genauen Ablesung der Gezeiten. Mit schwarzem Lederband.,ClassicHeuer,True
Heuer Carrera 30 Panda Dial Ref. 7753NST,Heuer,0,True,https://www.classicheuer.de/chronographs/heuer-carrera-30-panda-dial-ref-7753nst/,https://www.classicheuer.de/wp-content/uploads/Carrera30-Ref.7753NT_0.jpg,PANDA Dial ! Dieses elegante und bei Sammlern sehr gefragte Modell der Heuer Carrera 30 mit Cal. Valjoux 7730 aus den 1960iger Jahren ist in einem getragenen aber guten Zustand. Der Chronograph Ref. 7753NST mit Handaufzug hat ein schwarzes Zifferblatt mit zwei weißen Registern (genannt PANDA Dial). Besonderheit: weißer Tachymeter Aufdruck auf dem Zifferblatt! Es handelt sich um eine äußerst seltene Variante der Heuer Carrera mit schwarzem Lederband und Heuerschließe.,ClassicHeuer,True
Heuer Autavia Orange Boy Ref. 11630 MH Vintage,Heuer,0,True,https://www.classicheuer.de/chronographs/heuer-autavia-lume-black-ref-73663-vintage-1972/,https://www.classicheuer.de/wp-content/uploads/Heuer-Autavia-Orange-Boy-Ref.-11630MH_1-2.jpg,"Bei dieser seltenen Autavia Orange Boy mit Cal. Heuer 12 handelt es sich um eine besonders schöne Ausführung mit gut erhaltener Lunette mit MH Minute / Hour Lunette . Die Autavia Ref. 11630MH weist leichte Tragespuren auf ist aber in einem authentischen guten Zustand . Der Chonograph von 1972 mit Automatikwerk hat ein schwarzes Blatt, 2 schwarze Register, Datumsanzeige auf 6 Uhr und orangefarbene Indexe und Zeiger. Eine wunderbar kontrastreiche Optik . Mit schwarzem Lederarmband und Heuerschlies",ClassicHeuer,True
Rolex Datejust Ref. 16014 “Tapestry dial” Vintage 1987,Rolex,0,True,https://www.classicheuer.de/chronographs/rolex-datejust-ref-16014-tapestry-dial-vintage-1987/,https://www.classicheuer.de/wp-content/uploads/Rolex-DateJust-1987-Ref.16014-CH1141_1_1.jpg,"Wunderschöne und äußerst seltene Rolex Datejust mit dem sogenannten Tapestry Dial in grau. Die Automatik Uhr mit der Ref. 16014 und dem Rolexwerk 3035 ist von 1987 und hat eine 18k Weißgoldlunette . Das Zifferblatt, das Gehäuse und das Edelstahlband sind in einem hervorragenden Zustand. Es handelt sich um ein Set mit Box, Überkarton, Hangtags und Rolex Dokumenten.",ClassicHeuer,True
Heuer Camaro Orange Ref. 73643NT Vintage 1971,Heuer,0,True,https://www.classicheuer.de/chronographs/heuer-camaro-30-orange-ref-73343nt-vintage-1970/,https://www.classicheuer.de/wp-content/uploads/Heuer-Camaro-Ref.73643NT_1.jpg,50 Jahre ! Außergewöhnlicher Heuer Camaro Chronograph Ref.73643NT von 1971. Der Handaufzug Chronograph mit dem bekannten Cal. Valj. 7736 hat ein schwarzes Zifferblatt mit drei gleichfarbigen Registern. Kontrastreich mit orange farbenen Indexen und Zeigern. Die Uhr ist in einem sehr guten Zustand. Besonderheit: orange farbene Tachymeterskala auf Zifferblatt. Mit originalem Heuer Edelstahlband und Heuerfaltschließe.,ClassicHeuer,True
Heuer Autavia Compressor Case Ref. 2446C H,Heuer,0,True,https://www.classicheuer.de/chronographs/heuer-autavia-compressor-case-ref-2446c/,https://www.classicheuer.de/wp-content/uploads/Autavia-Compressor-Case-Ref.-2446H_1.jpg,"Ein begehrtes Sammlerstück. Die schöne Heuer Autavia mit Handaufzug, schwarzem Zifferblatt, drei weißen Registern hat ein Valjoux 72 Werk. Puristisches Design. Tritium Zifferblatt . Der Chronograph von 1969 mit der Ref. 2446C H hat eine sehr gut erhaltene Lunette mit Stunden (H) Anzeige. BESONDERHEIT: Compressor Case . Mit schwarzem Lederarmband und originaler Heuerschliesse.",ClassicHeuer,True
Heuer Camaro 30 Ref. 7743T Vintage 1969,Heuer,0,True,https://www.classicheuer.de/chronographs/heuer-camaro-30-ref-7743t-vintage-1969/,https://www.classicheuer.de/wp-content/uploads/Camaro-30-Ref.7743T-CH1125_1_1.jpg,"Wunderschöner, seltener Heuer Camaro Chronograph mit der Ref. 7743T aus dem Jahr 1969 . Der Chronograph mit Handaufzug mit dem Kaliber Valjoux 7730 ist in einem sehr guten Zustand. Perfektes Zifferblatt mit Zeigern und Indexen. Autentisches und unpoliertes Gehäuse. Tachymeterskala auf dem Zifferblatt. Weißes Zifferblatt mit gleichfarbigen Registern. Mit schwarzem Lederarmband und originaler Heuerschliesse.",ClassicHeuer,True
Heuer Autavia Jo Siffert Ref. 1163T Vintage,Heuer,0,True,https://www.classicheuer.de/chronographs/heuer-autavia-jo-siffert-ref-1163t-3rd-exe-flat-v/,https://www.classicheuer.de/wp-content/uploads/Heuer-Autavia-Jo-Siffert-Ref.1163T_1.jpg,"Ein begehrtes Sammlerstück mit interessanter Patina. Der außergewöhnliche Heuer Autavia Automatik Chronograph mit weißem Zifferblatt, zwei schwarzen Registern und blauen Zeigern wurde benannt nach dem ehemaligen Schweizer Rennfahrer Jo Siffert , der dieses Modell in seiner aktiven Zeit getragen hat. Der Automatik Chronograph von 1970 Jahren mit der Ref. 1163T ist in getragenem und authentischen Zustand mit schwarzem Lederband und Heuerschliesse. Das Zifferblatt hat gleichmäßige Altersspuren.",ClassicHeuer,True
Vintage Heuer Ford Split Lap Unit 77,Heuer,0,True,https://www.classicheuer.de/chronographs/heuer-military-chrono-a-m-i-ref-510-543/,https://www.classicheuer.de/wp-content/uploads/Ford-Splitlap-Ref.9.053.208_1.jpg,"Design von Ford produziert von Heuer in 1977. Stylische Quarz LCD Uhr. Sehr schöner Zustand authentisch und unpoliert, voll funktionsfähig. Gehäuse Edelstahl poliert und satiniert, rechteckig, Gehäusedurchmesser ohne Krone 47x33mm, Gehäusehöhe 10mm. Armband Edelstahl satiniert, Faltschließe Edelstahl mit Ford-Logo. Zwei Displays, digitale Chronographenanzeige mit Ford-Logo und digitale Uhrzeiten- und Datumsanzeige. Uhrwerk quarzgesteuert.",ClassicHeuer,True
Heuer Autavia KAF Ref. 11630MH Military,Heuer,0,True,https://www.classicheuer.de/chronographs/heuer-autavia-kaf-ref-11630mh-military/,https://www.classicheuer.de/wp-content/uploads/Autavia-KAF-Ref.-11630MH-CH823_1_1.jpg,Heuer Autavia KAF Dieses seltenen Modell der Autavia wurde speziell für die Kenya Airforce produziert. Nur wenige hundert Modelle wurden dort in der Airforce eingesetzt. Die Uhr ist in einem getragenen Zustand mit einem gut erhaltenen MH (Minute/Hour) Drehring. Eine Rarität aus Mitte der 1970iger Jahre. Ref. 11630MH mit Datumsanzeige und Kaliber Buren 12. Mit Textilband.,ClassicHeuer,True
Rolex Datejust Ref.16030 Vintage 1982 mit Kaufrechnung,Rolex,0,True,https://www.classicheuer.de/chronographs/rolex-datejust-ref-16030-vintage-1982-mit-kaufrechnung/,https://www.classicheuer.de/wp-content/uploads/Rolex-DateJust-1982-Ref.16030-CH1117_1.jpg,"Originale Kaufrechnung und Rolexpapiere! Sehr gut erhaltene Rolex Datejust mit Edelstahllunette und blauem Zifferblatt, originalem Edelstahlband und originaler Rolexschliesse von 1982. Die Uhr mit Quickdate hat die Ref. 16030 und Kaliber Rolex 3035. Datumsanzeige mit Zykloplupe auf 3 Uhr. Set mit originaler Kaufrechnung und Rolexpapiere.",ClassicHeuer,True
Rolex Datejust Ref.16234 Vintage 1988,Rolex,0,True,https://www.classicheuer.de/chronographs/rolex-datejust-ref-16234-vintage-1988/,https://www.classicheuer.de/wp-content/uploads/Rolex-DateJust-1988-Ref.16234_CH1142_1_1.jpg,"Extravagante und sehr gut erhaltene Rolex Datejust mit Weißgoldlunette und blauem Zifferblatt, originalem Edelstahlband und originaler Rolexschliesse von 1988. Die Uhr hat die Ref. 16234 und Kaliber Rolex 3135. Datumsanzeige mit Zykloplupe auf 3 Uhr. Set mit originaler Box, Hang-Tag und Rolex Dokumentation.",ClassicHeuer,True
Heuer Ferrari Chronosplit Ref.102.703-2 LCD NOS,Heuer,0,True,https://www.classicheuer.de/chronographs/heuer-ferrari-chronosplit-ref-102-703-2-lcd-nos/,https://www.classicheuer.de/wp-content/uploads/CH975-Heuer-Chronosplit-Ref.-102.703-2_1.jpg,"Die seltenste Variante der Heuer Chronosplit Ref. 102.703-2. Mit Anbruch der LCD LED und QUARZ Aera hat Heuer die Chronosplit auf den Markt gebracht, die sich signiert und unsigniert großer Beliebtheit erfreute. Nur 200 Stück wurden produziert. Viele Rennfahrer stiegen Ende der 1970iger Jahre von den mechanischen Chronographen auf die neue moderne Variante des Zeitmessgerätes um (z.B. Gilles Villeneuve, Hans Heyer, Nikki Lauda, Helmut Kelleners). Dieses Quarz Modell mit LCD Anzeige der Heuer Chr",ClassicHeuer,True
NOS Heuer Carrera 12 Ref. 2456S 18 K Gold Vintage,Heuer,0,True,https://www.classicheuer.de/chronographs/heuer-carrera-12-ref-2447s-tritium-1-hand/,https://www.classicheuer.de/wp-content/uploads/Heuer-Carrera-18K-Ref.-2456S_1.jpg,Außergewöhnlicher Heuer Carrera 12 Chronograph mit der Ref. 2456S von 1964-5. Der Chronograph mit dem bekannten Handaufzugswerk Kaliber Valjoux 72 ist in einem NOS (new-old-stock) Zustand. Der Zeitmesser aus 18 K Gold hat ein wunderschönes silberfarbenes Zifferblatt mit den drei gleichfarbigen Registern. Der Innenring ist mit einer 1/5-Sekunden-Skala bedruckt. Unpoliert und im authentischen Zustand . Ein seltenes und einzigartiges Sammlerstück. BESONDERHEIT: originales Corfamband und originale v,ClassicHeuer,True
Heuer Carrera 45 Dato Ref. 3147N – Panda dial,Heuer,0,True,https://www.classicheuer.de/chronographs/heuer-carrera-45-dato-ref-3147n-panda-dial/,https://www.classicheuer.de/wp-content/uploads/Kom.Jan-Heuer-Carrera-Ref.3147N-Date9_1.jpg,Panda Dial: schwarzes Zifferblatt und weißes Register. Sehr seltener und gesuchter Heuer Carrera 45 Dato Chronograph mit der Ref. 3147N aus dem Jahr 1969. Der Chronograph mit dem Handaufzug Landeron 189 ist in einem guten Zustand. Elegante Optik mit einem weißen Register und Datum auf 9 Uhr. Heuer signierte Krone und Tritiumzifferblatt. Mit schwarzem Lederarmband und originaler Heuerschliesse.,ClassicHeuer,True
Heuer Carrera Ref. 3147N Tritium Dato 45,Heuer,0,True,https://www.classicheuer.de/chronographs/heuer-carrera-ref-3147s-tritium-dato-45/,https://www.classicheuer.de/wp-content/uploads/Heuer-Carrera-Ref.-3147N_2.jpg,Sehr seltener und gesuchter Heuer Carrera 45 Dato Chronograph mit der Referenz 3147N aus dem Jahr 1966/7. Der Chronograph mit dem Handaufzug Landeron 189 ist in einem guten Zustand. Mit orginaler Tritiumleuchtmasse auf Zeiger und Indexen. Mit einem gleichfarbigen Register und Datum (rot) auf 12 Uhr bietet sich eine elegante Optik. Der Zeitmesser ist unpoliert und weist leichte Tragespuren auf. Originale frühe -unsignierte- Heuerkrone. Mit schwarzem Lederarmband und originaler Heuerschliesse.,ClassicHeuer,True
Heuer Monza “Niki Lauda” Ref. 150.511 Vintage Chrome,Heuer,0,True,https://www.classicheuer.de/chronographs/heuer-monza-niki-lauda-ref-150-511-vintage-chrome/,https://www.classicheuer.de/wp-content/uploads/Kom.Hei-Heuer-Monza-Ref.150.510_1.jpg,"Heuer Chronograph Monza Niki Lauda. Sehr seltenes Sammlerstück mit Chrome Gehäuse in einem authentischen Zustand von 1976 . Die Monza wurde zur Formel 1 Weltmeisterschaft von Niki Lauda für Ferrari in 1975 auf den Markt gebracht. Der Chronograph mit der Ref. 150.511 aus Mitte der 1970iger Jahre mit dem Automatik-Kaliber Heuer / Buren 15 ist in einem getragenen, aber technisch guten Zustand. Das schwarze Zifferblatt mit einem gleichfarbigen Register, permanenter Sekunde auf 10 Uhr und der Datumsa",ClassicHeuer,True
Rolex Submariner Date Ref.16610 Vintage 2002,Rolex,0,True,https://www.classicheuer.de/chronographs/rolex-submariner-date-ref-16610-vintage-2002/,https://www.classicheuer.de/wp-content/uploads/CH1118-Rolex-Submariner-Date-Ref.16610_1.jpg,Moderne Rolex Submariner Date mit Zyklop-Datumsanzeige auf 3 Uhr.. Die Uhr Ref. 16610 und Kaliber Rolex 3135 von 2002/3 ist in einem hervorragenden Zustand. Das Edelstahlband und das Gehäuse wurden nur leicht überarbeitet. Technisch einwandfrei mit frischem Service. Die Uhr hat ein originales Rolex Stahlband in US Ausführung. Mit Rolex Box.,ClassicHeuer,True
Rolex Datejust Ref.1601 Vintage 1972,Rolex,0,True,https://www.classicheuer.de/chronographs/rolex-datejust-ref-16014-vintage-1985/,https://www.classicheuer.de/wp-content/uploads/Rolex-DateJust-1972-Ref.1601_1.jpg,"Wunderschöne und sehr gut erhaltene Rolex Datejust mit Edelstahllunette und silberfarbenen Zifferblatt, originalem Edelstahlband und originaler Rolexschliesse von 1972. Die Uhr hat die Ref. 1601 und Kaliber Rolex 1507. Datumsanzeige mit Zykloplupe auf 3 Uhr. Set mit originaler Box, Hang-Tag und Rolex Dokumentation.",ClassicHeuer,True
Heuer Silverstone “Clay Regazzoni” Vintage Blue Dial,Heuer,5900,False,https://www.classicheuer.de/chronographs/heuer-silverstone-clay-regazzoni-vintage-blue-dial/,https://www.classicheuer.de/wp-content/uploads/Silverstone-Ref.110.313B_1.jpg,"Wunderschöner authentischer Zustand ! Das Modell wurde benannt nach der Rennstrecke in England ist von 1974 . Mit Heuer / Buren Cal. 12 und Ref. 110.313B. Der Automatik Chronograph ist in einem getragenen aber technisch einwandfreien Zustand, unpoliertes Gehäuse. Es handelte sich um das beliebte Modell welches in den 1970iger Jahren von dem Formel 1 Rennfahrer Clay Regazzoni getragen wurde. Blaues Zifferblatt mit 2 Registern und Datumsanzeige. Mit schwarzem Lederband und Heuerschliesse.",ClassicHeuer,True
Heuer Carrera Military 45 Ref. 3647N,Heuer,0,True,https://www.classicheuer.de/chronographs/heuer-carrera-45-ref-3647n/,https://www.classicheuer.de/wp-content/uploads/Heuer-Carrera-Military-Ref.-3647N_16.jpg,Dieses elegante und sehr gefragte Modell der Carrera 45 mit Cal. Valjoux 92 aus den 1960iger Jahren ist in einem getragenen aber sehr guten Zustand. Der Chronograph mit Handaufzug Ref. 3647N hat ein schwarzes Zifferblatt mit zwei schwarzen Registern ist ein sehr frühes Modell von 1963. In den 1963 69 Jahren waren die mechanischen Handaufzugschronographen der Modellreihe Carrera geprägt durch klare Optik mit einfach zu lesenden Stoppzeiten. Mit originaler Tritiumleuchtmasse auf den Zeigern. Authe,ClassicHeuer,True
Heuer Carrera Dato 12 “Panda Dial” Referenz 2547N Calendarium,Heuer,0,True,https://www.classicheuer.de/chronographs/heuer-carrera-dato-12-panda-dial-referenz-2547n-caldenarium/,https://www.classicheuer.de/wp-content/uploads/Carrera-Dato-12-Panda-Dial-Ref.2547N-_1.jpg,"Einzigartiges und äußerst seltenes Sammlerstück: Heuer Carrera Dato 12 Panda Dial Calendarium Chronograph. Die Carrera mit der Ref. 2547N und dem Handaufzugswerk Valjoux 723 von Ende der 1960iger Jahren ist in einem getragenen, aber guten Zustand. Das Gehäuse wurde leicht poliert, ansonsten ist die Uhr in einem authentischen Zustand. Dieses seltene Modell mit englischer Datumsscheibe ist ein Sammlerstück in der Panda Dial Optik (weiße Register auf schwarzem Blatt). Calendarium: Datum Wochentag M",ClassicHeuer,True
Omega Speedmaster Professional ST105.012 “Moonwatch”,Omega,12900,False,https://www.classicheuer.de/chronographs/omega-speedmaster-professional-st105-012-moonwatch/,https://www.classicheuer.de/wp-content/uploads/Omega-Speedmaster-Kom.-TH_1.jpg,"Sehr sportlich und sehr gesucht. Die Omega Speedmaster Professional Ref. ST105.012 mit dem Handaufzugswerk Omega Cal. 321 von 1967. Getragener, aber sehr guter Zustand authentisch und unpoliert, montiert an dem aktuellen, originalen Omega Edelstahlband. Der Chronograph mit schwarzem (Original Tritium) Zifferblatt und drei schwarzen Registern, sowie Tachymeterlunette hat die Gravur des Omega Seepferdchens auf dem Rückdeckel. Die Omega Speedmaster Professional wurde bereits 1967 bei der NASA zu Te",ClassicHeuer,True
Heuer Montreal PVD Ref. 110.501N,Heuer,0,True,https://www.classicheuer.de/chronographs/heuer-montreal-pvd-ref-110-501n/,https://www.classicheuer.de/wp-content/uploads/Heuer-Montreal-Ref.110.501N_1.jpg,"Seltene Heuer Montreal Black „schwarz beschichtet“. Der Automatik Chronograph Ref. 110.501N mit dem Kaliber Heuer / Buren 12 ist von Mitte der 1970iger Jahre. Die Uhr wurde getragenen, ist aber technisch in einem einwandfreien Originalzustand. Tragespuren an der Beschichtung sind deutlich zu erkennen. Schwarzes Zifferblatt mit zwei weißen Registern und Datum auf 6 Uhr. Schwarz beschichtetes Band. Dieses Modell der Montreal von 1975 besticht durch seine kontrastreiche Optik mit roten Skalierungen",ClassicHeuer,True
Heuer Skipper Yachtuhr Ref. 15640N,Heuer,0,True,https://www.classicheuer.de/chronographs/heuer-skipper-yachtuhr-ref-15640n/,https://www.classicheuer.de/wp-content/uploads/Skipper-Ref.15640-CH670_1.jpg,"Seltene Heuer Skipper Ref. 15640N Yachtuhr. Der Automatikchronograph mit Kaliber Buren 15 ist in einem sehr guten Zustand, nahezu ungetragen. Das Modell Skipper stammt aus dem Jahr 1977. Der Segelchronograph hat ein Register zur Zeitnahme des Starts bei Regatten, sowie eine Dauersekunde auf 10 Uhr (Besonderheit Kaliber 15) und Datumsanziege auf 6 Uhr. Schwarzes Zifferblatt und schwarze Drehlunette mit Stunden und Minutenanzeige (MH Minute/Hour). Unpolierter Originalzustand.",ClassicHeuer,True
Heuer Autavia “Jo Siffert colors” Ref. 73663MH,Heuer,0,True,https://www.classicheuer.de/chronographs/heuer-autavia-jo-siffert-colors-ref-73663mh/,https://www.classicheuer.de/wp-content/uploads/Heuer-Autavia-Ref.73663MH-JS-colours_1.jpg,"Ein seltenes und begehrtes Sammlerstück. Die außergewöhnlich schöne Heuer Autavia Jo Siffert Colors mit Handaufzug, weißem Zifferblatt, drei schwarzen Registern und blauen Zeigern und Indexen ist in einem NOS (new old stock) Zustand . Der Handaufzug Chronograph mit der Ref. 73663MH aus den 1970iger Jahren mit Kaliber Valjoux 7736 hat eine kontrastreiche Optik. BESONDERHEIT: der originale rote Verkaufssticker , Lunette mit Minuten und Stunden (M/H) Anzeige. Authentischer und unpolierter Chronogra",ClassicHeuer,True
Heuer Skipper Ref. 73464 Yachtchronograph,Heuer,0,True,https://www.classicheuer.de/chronographs/heuer-skipper-ref-73464-yachtchronograph/,https://www.classicheuer.de/wp-content/uploads/Skipper-Ref.73464-CH699_1.jpg,"Sammlerstück. Seltene Heuer Skipper Yachtuhr. Der Chronograph mit Handaufzug und dem Kaliber Valjoux 7734 ist in einem NOS (New Old Stock) Zustand . Das Modell Skipper Ref. 73464 stammt aus den 1970iger Jahren. Der Segelchronograph hat ein Register zur Zeitnahme des Starts bei Regatten , sowie ein weiteres Hilfsregister mit permanenter Sekunde und Datumsanzeige auf 6 Uhr. Dunkelblaues Zifferblatt und blaue Drehlunette. Mit schwarzem Lederband.",ClassicHeuer,True
Vintage Heuer Carrera Ref.1553N,Heuer,0,True,https://www.classicheuer.de/chronographs/heuer-carrera-ref-1553s-nos/,https://www.classicheuer.de/wp-content/uploads/Heuer-Carrera-Ref.1553N_3.jpg,"Bei diesem Modell handelt es sich um eine Version von 1972, es ist eine besonders schöne Ausführung im perfektem Zustand mit kontrastreicher Optik . Der Heuer Carrera Chronograph Ref. 1553N mit Automatikaufzug Cal. Heuer / Buren 15 hat ein blaues Zifferblatt mit einem silbergrauen Register, permanenter Sekunde auf 10 Uhr sowie eine Datumsanzeige auf 6 Uhr. Der Zentralsekundenzeiger ist in orange, der Tachymeteraufdruck schwarz auf weiß. Das Gehäuse, sowie das Zifferblatt und die Zeiger sind im u",ClassicHeuer,True
Heuer Calculator Ref. 150.633B,Heuer,0,True,https://www.classicheuer.de/chronographs/calculator-ref-150-633b/,https://www.classicheuer.de/wp-content/uploads/Calculator-Ref.150.633B-CH681_1.jpg,"Wunderschöner, sportlicher Heuer Calculator Pilot Chronograph mit der Ref.150.633B aus dem Jahr 1973. Der Chronograph mit Automatikwerk Kaliber Buren 15 ist in einem guten Zustand. Die Drehlunette besteht aus einem vollständigen mathematischen Rechenschieber und wurde von Piloten getragen. Das blaue Zifferblatt mit einem gleichfarbigen Register, permanenter Sekunde auf 10 Uhr und Datum auf 6 Uhr ist in perfektem Zustand. Unpolierter authentischer Zustand mit originalem Edelstahlband.",ClassicHeuer,True
Heuer Monza PVD Ref. 110.501 Vintage,Heuer,0,True,https://www.classicheuer.de/chronographs/heuer-monza-pvd-ref-110-501/,https://www.classicheuer.de/wp-content/uploads/Monza-110.501-CH672_15.jpg,"Heuer Chronograph Monza No Name (schwarz PVD beschichtet) Sehr seltenes Sammlerstück. Die Monza wurde zur Formel1 Weltmeisterschaft von Niki Lauda auf Ferrari 1975 auf den Markt gebracht. Der Chronograph mit der Ref. 110.501 von 1980 mit dem Automatik-Kaliber Heuer / Buren 12 ist in einem authentischen Zustand. Tragespuren sind zu erkennen, technisch ist die Uhr einwandfrei. Das schwarze Zifferblatt mit zwei gleichfarbigen Register und der Datumsanzeige auf 6 Uhr ist sehr gut erhalten. Diese Ver",ClassicHeuer,True
Vintage Heuer Monaco Ref. 1133B chronograph,Heuer,0,True,https://www.classicheuer.de/chronographs/heuer-monaco-ref-1533b/,https://www.classicheuer.de/wp-content/uploads/Monaco-McQueen-1133B_2.jpg,"Besonders schöner Zustand. Automatik Chronograph Heuer Monaco aus dem Jahr 1970. Ref. 1133B mit dem Kaliber Heuer / Buren 12. Matt blaues Zifferblatt mit zwei weißen Register, Datumsanzeige und Krone links. Der Chronograph ist in einem sehr guten Zustand . Mit schwarzen Repro Lederarmband und Heuerschliesse. Die originale rote Heuerbox kann optional erworben werden.",ClassicHeuer,True
Heuer Carrera 12 “Poly-Hex” backcase Ref. 2447T,Heuer,0,True,https://www.classicheuer.de/chronographs/heuer-carrera-12-ref-2447t-2/,https://www.classicheuer.de/wp-content/uploads/Heuer-Carrera-Ref2447T-Poly_1.jpg,"Schönes Sammlerstück: Eine frühe Version der Heuer Carrera 12 Chronograph mit silberfarbenen Zifferblatt, roter Tachymeterskala und 3 gleichfarbigen Registern. Die Carrera mit der Ref. 2447T und dem Handaufzugswerk Valjoux 72 ist von 1965. Die Uhr ist in einem getragenen, aber guten Zustand. Dieses gefragte Modell mit Patina auf dem Zifferblatt ist in einem authentischen und unpolierten Zustand. Poly-hex-back Rückdeckel und unsignierte Originalkrone Merkmale der frühen Version. Signiert Ed Heuer",ClassicHeuer,True
Heuer Carrera 18K Gold Ref. 510.508 Golden Times,Heuer,0,True,https://www.classicheuer.de/chronographs/heuer-carrera-18k-gold-ref-1158ch/,https://www.classicheuer.de/wp-content/uploads/Heuer-Carrera-18K-Ref.510.508_1.jpg,"Einzigartiges Sammlerstück mit aus Mitte der 1980iger Jahre : die Heuer Carrera 18K Gold ist eines der letzten Modelle von Heuer bevor die Übernahme von TAG stattfand. Der Chronograph mit der Ref. 510.508 und dem Automatikwerk Lemania 5100 ist von 1984. Die Uhr ist in einem getragenen, aber sehr guten Zustand. Der 18K Gold Golden Times genannte Chronograph wurde in limitierter Stückzahl hergestellt, die Uhr ist in einem authentischen und unpolierten Zustand. Mit schwarzem originalem Corfamband u",ClassicHeuer,True
Heuer Autavia Plongeur Ref. 11630P,Heuer,0,True,https://www.classicheuer.de/chronographs/heuer-autavia-plongeur-ref-11630p/,https://www.classicheuer.de/wp-content/uploads/Heuer-Autavia-Plongeur-Ref.-1630P_1.jpg,Heuer Autavia Diver Chronograph in einem NOS (new-old-stock) Zustand. Dieser sportlich Chronograph aus dem Jahr 1973-4 mit Automatikkaliber Heuer/Buren 12 hat die Ref. 11630P (Plongeur) . Der Drehring mit Meter Skala ist hervorragend erhalten. Die seltene Autavia Variante Uhr hat ein schwarzes Zifferblatt mit 2 weißen Registern und kontrastreichen orangegelb farbenen Zeigern. Originales Heuer Edelstahlarmband. In einem authentischen und unpolierten Zustand. BESONDERHEIT: alter originaler roter V,ClassicHeuer,True
Heuer Chrono Ref. 409.137 14K Gold,Heuer,0,True,https://www.classicheuer.de/chronographs/heuer-chrono-ref-409-137-14k-gold/,https://www.classicheuer.de/wp-content/uploads/Heuer-Chrono-Ref-409137-14k_2.jpg,"Wunderschöner 1950iger Heuer Chronograph mit Werk Vajoux 23 mit Handaufzug. Die Uhr ist in einem getragenen, aber guten Zustand und vergoldetem Zifferblatt mit Patina. Zwei gleichfarbigen Registern zeigen die permanente Sekunde und den 30 Minuten Zähler. Eine Antiquität mit der Besonderheit: arabische Ziffern. Mit schwarzem Lederarmband und originaler Heuerschliesse.",ClassicHeuer,True
Vintage Heuer RallyeMaster Set,Heuer,0,True,https://www.classicheuer.de/chronographs/heuer-chrono-18k-gold/,https://www.classicheuer.de/wp-content/uploads/Heuer-Rallyemaster-Set_17.jpg,"Wunderschönes Heuer RallyeMaster Set auf originaler Heuer Doppelplatte (signiert). Hervorragender Originalzustand, technisch einwandfrei. Mastertime 8 Tage Uhr (Werk Aragno 28 H) und Monte Carlo Standard (Die Monte Carlo Standard zeigt die effektive Fahrzeit in Stunden von 0-12, Minuten, Sekunden und 1/5 Sekunden). Perfektes Set aus Mitte/Ende der 1960iger Jahre für jede Rallyeprüfung.",ClassicHeuer,True
Breitling Navitimer Ref. 806,Breitling,0,True,https://www.classicheuer.de/chronographs/breitling-navitimer-ref-806/,https://www.classicheuer.de/wp-content/uploads/Breitling-Navitimer-Ref-806_2.jpg,Sehr SELTEN ! Einzigartiger Breitling Navitimer Ref. 806 aus dem Jahr 1967 mit dem Kaliber Venus 178. Dieser Chronograph mit Handaufzug ist in einem hervorragenden Zustand. Zifferblatt und Gehäuse sind sehr gut erhalten. Schwarzes Zifferblatt mit 3 weißen Registern. Schwarzes Lederarmband mit originaler Breitlingschliesse.,ClassicHeuer,True
Zenith El Primero Ref. 787,Zenith,0,True,https://www.classicheuer.de/chronographs/zenith-el-primero-ref-787/,https://www.classicheuer.de/wp-content/uploads/Zenith-El-Primero-Ref.787_1.jpg,Außergewöhnlicher NOS (New-Old-Stock) Automatik Chronograph von Zenith mit dem El Primero Werk von Anfang der 1970iger Jahre. Die Uhr mit der Ref. 787 hat eine Datumsanzeige zwischen 4 und 5 Uhr und 3 Hilfsregister. Mit original schwarzem Lederarmband und originaler Zenith Schließe.,ClassicHeuer,True
Heuer Calculator Ref. 110.633N,Heuer,0,True,https://www.classicheuer.de/chronographs/heuer-calculator-ref-110-633b/,https://www.classicheuer.de/wp-content/uploads/Calculator-Ref.110.633N-CH688_1.jpg,"Wunderschöner, sportlicher Heuer Calculator Pilot Chronograph mit der Ref.110.633N aus dem Jahr 1972. Der Chronograph mit Automatikwerk Kaliber Buren 12 ist in einem guten Zustand. Die Drehlunette besteht aus einem vollständigen mathematischen Rechenschieber und wurde von Piloten getragen. Das schwarze Zifferblatt mit einem gleichfarbigen Registern und Datum auf 6 Uhr ist in perfektem Zustand. Unpolierter authentischer Zustand mit originalem Edelstahlband.",ClassicHeuer,True
Heuer Chrono 14K Gold Vintage,Heuer,0,True,https://www.classicheuer.de/chronographs/heuer-chrono-af-ref-2444/,https://www.classicheuer.de/wp-content/uploads/Heuer-Chrono14-K-Gold_2.jpg,Wunderschöner 1950iger Heuer Chronograph mit Handaufzug. Die Uhr ist in einem guten Zustand mit leichter Patina auf dem Zifferblatt. Goldfarbenes Zifferblatt mit zwei gleichfarbigen Registern. Eine Antiquität aus 14K Gold mit schwarzem Lederarmband.,ClassicHeuer,True
Heuer Monaco Ref. 1533S Kaliber 15 NOS,Heuer,0,True,https://www.classicheuer.de/chronographs/heuer-monaco-ref-1553s/,https://www.classicheuer.de/wp-content/uploads/Monaco-Ref.1533G-Kom.Bit_2.jpg,"Besonders selten und besonders schön. Automatik Chronograph Heuer Monaco aus dem Jahr 1972. Ref. 1533S mit dem Kaliber Heuer / Buren 15. Silberfarbenes Zifferblatt mit einem grauen Registern, permanenter Sekunde auf 10 Uhr und Datumsanzeige. Der Chronograph ist in einem ungetragenen Zustand NOS-New Old Stock. Mit rotem Verkaufssticker auf dem Rückdeckel. Das Modell Ref. 1533S mit dem silberfarbenen Zifferblatt ist sehr selten. Ein echtes Sammlerstück. Mit schwarzen Repro Lederarmband und Heuersc",ClassicHeuer,True
Omega Seamaster Ref. 145.020,Omega,0,True,https://www.classicheuer.de/chronographs/omega-seamaster-ref-145-020/,https://www.classicheuer.de/wp-content/uploads/Omega-CH886-Seamster-Ref.-145.020_1.jpg,Sehr selten und sehr gesucht. Die Omega Seamaster Ref. 145.020 mit dem Werk Cal. Omega 861. Die Uhr mit Handaufzug wurde Anfang der 1970iger Jahren produziert. Dunkelgraues Zifferblatt mit schwarzem Tachymeterring und mehrfarbigen Registern. Die Uhr ist in einem sehr guten Zustand. Mit Natostrap.,ClassicHeuer,True
Omega Speedmaster Professional Ref. 145.022-69ST,Omega,0,True,https://www.classicheuer.de/chronographs/omega-speedmaster-professional-ref-145-022-69st/,https://www.classicheuer.de/wp-content/uploads/Omega-CH603-Speedmaster-Ref.-145.022-69ST_1.jpg,"Sehr sportlich und sehr gesucht. Die Omega Speedmaster Professional Ref. 145.022-69ST mit dem Handaufzugswerk Omega Cal. 861 von 1969. Ein Modell der berühmten Uhr, die am 21. Juli 1969 bei der Mondlandung getragen wurde. Hervorragender Zustand. Schwarzes Zifferblatt mit drei schwarzen Registern. Mit Gravur The first watch worn on the moon auf dem Rückdeckel. Mit schwarzem Lederband.",ClassicHeuer,True
Breitling Navitimer Ref. 7808,Breitling,0,True,https://www.classicheuer.de/chronographs/breitling-navitimer-ref-7808/,https://www.classicheuer.de/wp-content/uploads/Breitling-Navitimer-CH565-Ref.7808_1.jpg,Äußerst SELTEN ! Einzigartiger Breitling Navitimer Ref. 7808 aus dem Jahr 1973 mit dem Kaliber Valjoux 7740. Dieser Chronograph mit Handaufzug ist in einem hervorragenden Zustand. Zifferblatt und Gehäuse sind sehr gut erhalten. Schwarzes Zifferblatt mit 2 weißen Registern und Datumsanzeige auf 6 Uhr. Schwarzes Lederarmband mit originaler Breitlingschliesse.,ClassicHeuer,True
Rolex Oyster Date Ref. 6694 Vintage 1969,Rolex,0,True,https://www.classicheuer.de/chronographs/rolex-oyster-date-ref-6694/,https://www.classicheuer.de/wp-content/uploads/CH1080-Rolex-Oysterdate-Ref.6694_1.jpg,Wunderschöne und sehr gut erhaltene Rolex OysterDate mit originalem Edelstahlband und originaler Rolexschliesse von 1969. Die Uhr mit Automatikwerk hat die Ref. 6694 und das Werk Cal. Rolex 1225. Silberfarbenes Zifferblatt mit Edelstahllunette und Datumsanzeige (Vergrößerungsglas) auf 3 Uhr.,ClassicHeuer,True
Heuer Skipper Ref. 15640B,Heuer,0,True,https://www.classicheuer.de/chronographs/heuer-skipper-ref-15640b/,https://www.classicheuer.de/wp-content/uploads/P1030602.jpg,"Sammlerstück. Seltene Heuer Skipper Yachtuhr. Der Automatikchronograph mit Kaliber Buren 15 ist in einem sehr guten Zustand. Das Modell Skipper Ref. 15640B stammt aus dem Jahr 1975. Der Segelchronograph hat ein Register zur Zeitnahme des Starts bei Regatten, sowie eine Dauersekunde auf 10 Uhr (Besonderheit bei Kaliber 15) und Datumsanzeige auf 6 Uhr. Dunkelblaues Zifferblatt und blaue Drehlunette. Mit blauem Lederband.",ClassicHeuer,True
Heuer Carrera 12 Ref. 110.573B,Heuer,0,True,https://www.classicheuer.de/chronographs/heuer-carrera-12-ref-110-573b/,https://www.classicheuer.de/wp-content/uploads/Heuer-Carrera-Ref.110.573B_1.jpg,"Bei diesem Heuer Carrera 12 Modell handelt es sich um eine besonders schöne und seltene Ausführung aus den 1970iger Jahren. Der Chronograph Ref. 110.573B mit Automatikaufzug von 1974 hat das Kaliber Buren 12. Ein außergewöhnlich schönes blaumetallic farbenes Zifferblatt mit zwei anthrazitfarbenen Registern, Datum auf 6 Uhr. Das Zifferblatt besticht durch Reflexionen und Lichtspiel in drei senkrechten Teilen. Die Uhr ist in einem getragenen, jedoch guten Zustand. Das Gehäuse weist deutliche Trage",ClassicHeuer,True
